date,Close,return
2010-01-05,85.0208511352539,0.002647459680336306
2010-01-06,85.08070373535156,0.0007039755459803398
2010-01-07,85.43984985351562,0.004221240568028195
2010-01-08,85.72417449951172,0.0033277755811083054
2010-01-11,85.84391021728516,0.0013967555648390917
2010-01-12,85.04326629638672,-0.009326741045134979
2010-01-13,85.76161193847656,0.008446825637979494
2010-01-14,85.99353790283203,0.0027043097618295597
2010-01-15,85.02835083007812,-0.01122394887211775
2010-01-19,86.09080505371094,0.012495293784493544
2010-01-20,85.21539306640625,-0.010168472541969287
2010-01-21,83.57672882080078,-0.01922967420133237
2010-01-22,81.7136459350586,-0.022291885696278824
2010-01-25,82.13268280029297,0.005128113675987533
2010-01-26,81.78849029541016,-0.004190688689905797
2010-01-27,82.17761993408203,0.004757755489389615
2010-01-28,81.23478698730469,-0.01147311089726899
2010-01-29,80.3519058227539,-0.010868264659680271
2010-02-01,81.60147094726562,0.015551157271466609
2010-02-02,82.58910369873047,0.012103124367734752
2010-02-03,82.17761993408203,-0.004982300887408253
2010-02-04,79.64109802246094,-0.03086633457692911
2010-02-05,79.80570220947266,0.002066824680961865
2010-02-08,79.22956085205078,-0.007219300644829008
2010-02-09,80.22470092773438,0.012560211933294374
2010-02-10,80.06756591796875,-0.0019586861396613253
2010-02-11,80.90562438964844,0.01046689083240393
2010-02-12,80.83828735351562,-0.0008322911619655926
2010-02-16,82.1102523803711,0.015734685487496902
2010-02-17,82.49931335449219,0.0047382752195035405
2010-02-18,82.9856948852539,0.0058955827749958
2010-02-19,83.15775299072266,0.0020733465654130256
2010-02-22,83.17274475097656,0.00018028096857758413
2010-02-23,82.16262817382812,-0.012144802725613801
2010-02-24,82.91831970214844,0.009197509197509168
2010-02-25,82.80612182617188,-0.0013531132369732912
2010-02-26,82.85848236083984,0.0006323268559524919
2010-03-01,83.71894836425781,0.010384766639470078
2010-03-02,83.95088958740234,0.0027704746377770206
2010-03-03,84.02572631835938,0.0008914346390471728
2010-03-04,84.28011322021484,0.003027488282477231
2010-03-05,85.4847640991211,0.01429341789988614
2010-03-08,85.4997329711914,0.0001751057305714454
2010-03-09,85.6418685913086,0.0016624101055973117
2010-03-10,86.02347564697266,0.004455846911574524
2010-03-11,86.38257598876953,0.004174445860227305
2010-03-12,86.39010620117188,8.717281600079119e-05
2010-03-15,86.41255187988281,0.0002598177001735813
2010-03-16,87.10092163085938,0.007966085204073492
2010-03-17,87.61719512939453,0.005927302362231712
2010-03-18,87.57231140136719,-0.0005122707701502582
2010-03-19,87.12901306152344,-0.005062083354315017
2010-03-22,87.5948486328125,0.0053465034770923126
2010-03-23,88.21087646484375,0.007032694749135038
2010-03-24,87.7826156616211,-0.004854965967755032
2010-03-25,87.63990020751953,-0.0016257826566902223
2010-03-26,87.58731842041016,-0.0005999754333912977
2010-03-29,88.14329528808594,0.006347686830725285
2010-03-30,88.20340728759766,0.0006819803969801974
2010-03-31,87.90284729003906,-0.0034075780834472713
2010-04-01,88.50392150878906,0.006837937988137366
2010-04-05,89.22516632080078,0.008149297790607912
2010-04-06,89.43556213378906,0.002358032174821778
2010-04-07,88.9246597290039,-0.005712519635320046
2010-04-08,89.2326431274414,0.0034634194763980553
2010-04-09,89.8187026977539,0.006567771050729698
2010-04-12,89.96145629882812,0.0015893527381996009
2010-04-13,90.0290756225586,0.0007516477223963314
2010-04-14,91.05082702636719,0.011349126898650308
2010-04-15,91.1259994506836,0.0008256094620056054
2010-04-16,89.67594909667969,-0.015912586558665454
2010-04-19,90.01404571533203,0.0037702039628020323
2010-04-20,90.81793212890625,0.00893067750911336
2010-04-21,90.65264129638672,-0.001820024180741342
2010-04-22,90.92310333251953,0.0029834986853669587
2010-04-23,91.51663970947266,0.00652789395872766
2010-04-26,91.17105865478516,-0.003776155415939453
2010-04-27,89.01480865478516,-0.023650597369550552
2010-04-28,89.69098663330078,0.007596241442679119
2010-04-29,90.80288696289062,0.012397013025799541
2010-04-30,89.26272583007812,-0.016961587723988703
2010-05-03,90.41972351074219,0.012961711284355637
2010-05-04,88.29353332519531,-0.023514672496142697
2010-05-05,87.76760864257812,-0.005956548150362839
2010-05-06,84.85255432128906,-0.033213327403737614
2010-05-07,83.5903549194336,-0.01487520808243703
2010-05-10,87.27175903320312,0.04404101546545358
2010-05-11,87.02384948730469,-0.0028406617288889713
2010-05-12,88.2409439086914,0.01398575710632377
2010-05-13,87.14403533935547,-0.012430834494143395
2010-05-14,85.5663070678711,-0.0181048337426698
2010-05-17,85.61136627197266,0.0005265998457293364
2010-05-18,84.44683074951172,-0.013602580745661785
2010-05-19,83.96605682373047,-0.005693214553040282
2010-05-20,80.79548645019531,-0.03776014372320857
2010-05-21,81.97504425048828,0.01459930315562974
2010-05-24,80.92322540283203,-0.012830964072946927
2010-05-25,81.005859375,0.0010211403680047137
2010-05-26,80.51753997802734,-0.006028198462929457
2010-05-27,83.2147216796875,0.03349806392987409
2010-05-28,82.17039489746094,-0.012549783994308283
2010-06-01,80.78797912597656,-0.016823769354029183
2010-06-02,82.89165496826172,0.02603946608201202
2010-06-03,83.1771469116211,0.00344415784036034
2010-06-04,80.25457000732422,-0.03513677750214517
2010-06-07,79.25529479980469,-0.012451318441159653
2010-06-08,80.10428619384766,0.01071210947088752
2010-06-09,79.67607879638672,-0.005345624033459395
2010-06-10,82.00509643554688,0.029231077562338337
2010-06-11,82.40330505371094,0.004855900858272255
2010-06-14,82.27557373046875,-0.0015500752446632182
2010-06-15,84.14632415771484,0.022737616310942954
2010-06-16,84.11627197265625,-0.00035714198284253484
2010-06-17,84.25151824951172,0.0016078491555051588
2010-06-18,84.3428726196289,0.0010843053278475345
2010-06-21,84.10128784179688,-0.002864317639755254
2010-06-22,82.71232604980469,-0.016515345099173406
2010-06-23,82.45567321777344,-0.003102957494832248
2010-06-24,81.08930969238281,-0.01657088556880648
2010-06-25,81.42900085449219,0.004189099196898027
2010-06-28,81.17236328125,-0.00315167287513185
2010-06-29,78.66617584228516,-0.030874885708098487
2010-06-30,77.9188232421875,-0.009500304191676912
2010-07-01,77.57157897949219,-0.004456487511573459
2010-07-02,77.14881134033203,-0.005450032663018578
2010-07-06,77.65460205078125,0.0065560402248840965
2010-07-07,80.10042572021484,0.03149618444807922
2010-07-08,80.89305114746094,0.009895395937278506
2010-07-09,81.49693298339844,0.007465188015181701
2010-07-12,81.54977416992188,0.0006483825168512869
2010-07-13,82.78026580810547,0.015088841762083582
2010-07-14,82.77268981933594,-9.151926121009346e-05
2010-07-15,82.79534149169922,0.00027366118477867296
2010-07-16,80.51559448242188,-0.027534725604168253
2010-07-19,80.9911880493164,0.005906850343114112
2010-07-20,81.88947296142578,0.01109114378668452
2010-07-21,80.8250961303711,-0.012997724769288288
2010-07-22,82.62928009033203,0.022322076265158808
2010-07-23,83.34644317626953,0.008679285177766172
2010-07-26,84.21453857421875,0.010415506227581695
2010-07-27,84.20700073242188,-8.950760669701463e-05
2010-07-28,83.6634750366211,-0.0064546378694557704
2010-07-29,83.25580596923828,-0.004872724533667383
2010-07-30,83.2407455444336,-0.00018089338790683307
2010-08-02,85.120361328125,0.02258047752212966
2010-08-03,84.71272277832031,-0.004788966393520222
2010-08-04,85.27892303466797,0.006683768833983805
2010-08-05,85.1883316040039,-0.00106229566978977
2010-08-06,84.84109497070312,-0.00407610557411664
2010-08-09,85.29399871826172,0.005338259103268239
2010-08-10,84.83348846435547,-0.005399093263611432
2010-08-11,82.50850677490234,-0.027406413805911245
2010-08-12,82.00272369384766,-0.006130071926214287
2010-08-13,81.76119995117188,-0.002945313665159377
2010-08-16,81.72342681884766,-0.0004619933702878498
2010-08-17,82.7274398803711,0.012285498792763416
2010-08-18,82.87841033935547,0.0018249139487778177
2010-08-19,81.43656158447266,-0.017397157462106128
2010-08-20,81.17236328125,-0.003244222227489435
2010-08-23,80.86285400390625,-0.003812988372302817
2010-08-24,79.66258239746094,-0.014843300069365961
2010-08-25,79.97206115722656,0.003884869790205192
2010-08-26,79.43611145019531,-0.006701711813799083
2010-08-27,80.66659545898438,0.015490234684518045
2010-08-30,79.49649810791016,-0.014505351867355909
2010-08-31,79.49649810791016,0.0
2010-09-01,81.87439727783203,0.029911998975024945
2010-09-02,82.63682556152344,0.009312169726320985
2010-09-03,83.7087631225586,0.01297166915296244
2010-09-07,82.76515197753906,-0.011272549131301601
2010-09-08,83.34644317626953,0.007023381034668041
2010-09-09,83.7314224243164,0.004619024320362097
2010-09-10,84.15415954589844,0.005048727339657111
2010-09-13,85.09022521972656,0.011123225267523296
2010-09-14,85.03734588623047,-0.0006214501531702776
2010-09-15,85.3619613647461,0.003817328435319789
2010-09-16,85.33927917480469,-0.00026571776911832323
2010-09-17,85.37117004394531,0.00037369508447926414
2010-09-20,86.67655181884766,0.015290662810763855
2010-09-21,86.50196838378906,-0.0020141945127613026
2010-09-22,86.07698822021484,-0.004912953676252552
2010-09-23,85.3787612915039,-0.008111656124917266
2010-09-24,87.13946533203125,0.02062227202519229
2010-09-27,86.72203826904297,-0.0047903330758083396
2010-09-28,87.0256118774414,0.003500535901343138
2010-09-29,86.87384796142578,-0.0017438994422624976
2010-09-30,86.61579895019531,-0.002970387720652723
2010-10-01,86.9800796508789,0.0042057073316734694
2010-10-04,86.3274154663086,-0.0075036052759434035
2010-10-05,88.06534576416016,0.020131846742589277
2010-10-06,88.05775451660156,-8.620016753158044e-05
2010-10-07,87.95152282714844,-0.0012063865361578996
2010-10-08,88.44477844238281,0.005608266910895665
2010-10-11,88.52828216552734,0.0009441340078535365
2010-10-12,88.80150604248047,0.0030862891526830527
2010-10-13,89.49213409423828,0.007777211024184938
2010-10-14,89.14301300048828,-0.0039011372036603653
2010-10-15,89.32515716552734,0.0020432803302044
2010-10-18,89.76533508300781,0.0049278157626386765
2010-10-19,88.58902740478516,-0.013104253185652337
2010-10-20,89.45418548583984,0.00976597335357976
2010-10-21,89.65148162841797,0.0022055551845514554
2010-10-22,89.81847381591797,0.0018626818482725405
2010-10-25,90.08409118652344,0.0029572688036298977
2010-10-26,90.09927368164062,0.0001685369183084262
2010-10-27,89.84121704101562,-0.0028641367469489643
2010-10-28,89.85640716552734,0.0001690774570071163
2010-10-29,89.9247055053711,0.000760083137064882
2010-11-01,89.95504760742188,0.0003374167519398785
2010-11-02,90.66845703125,0.007930732547011266
2010-11-03,91.03273010253906,0.004017638363069453
2010-11-04,92.78587341308594,0.019258384413739282
2010-11-05,93.13493347167969,0.003761995719323785
2010-11-08,92.96040344238281,-0.001873948075025389
2010-11-09,92.29255676269531,-0.007184205908717156
2010-11-10,92.66442108154297,0.0040291907808318594
2010-11-11,92.31529998779297,-0.0037675851170837493
2010-11-12,91.22248840332031,-0.011837816533306622
2010-11-15,91.09343719482422,-0.001414686342752658
2010-11-16,89.67424011230469,-0.015579575502066678
2010-11-17,89.71981048583984,0.0005081768574575207
2010-11-18,91.04031372070312,0.01471807873548392
2010-11-19,91.290771484375,0.00275106437396766
2010-11-22,91.21487426757812,-0.0008313788520218912
2010-11-23,89.89431762695312,-0.014477426529703408
2010-11-24,91.22248840332031,0.014774802361578354
2010-11-26,90.15996551513672,-0.011647598161167005
2010-11-29,90.43318176269531,0.0030303499562975844
2010-11-30,89.9247055053711,-0.005622673529927402
2010-12-01,91.837158203125,0.02126726673171797
2010-12-02,93.0135269165039,0.012809289141733071
2010-12-03,93.26396942138672,0.0026925385283758096
2010-12-06,93.16531372070312,-0.0010578115138746291
2010-12-07,93.21844482421875,0.0005702884624518845
2010-12-08,93.5599365234375,0.0036633490277884206
2010-12-09,93.92423248291016,0.003893717471488367
2010-12-10,94.47064208984375,0.005817557327743028
2010-12-13,94.5313491821289,0.0006426027276009716
2010-12-14,94.61483001708984,0.0008831021209705359
2010-12-15,94.1822509765625,-0.004572000398343601
2010-12-16,94.72868347167969,0.005801862765556276
2010-12-17,94.83014678955078,0.0010710939300810907
2010-12-20,95.05903625488281,0.002413678277225273
2010-12-21,95.66172790527344,0.006340182628978175
2010-12-22,95.95927429199219,0.0031104015496499215
2010-12-23,95.82193756103516,-0.0014311980990928674
2010-12-27,95.860107421875,0.00039834156782236896
2010-12-28,95.9974136352539,0.0014323603120391937
2010-12-29,96.06605529785156,0.0007150365827401917
2010-12-30,95.91345977783203,-0.0015884436968542914
2010-12-31,95.9363784790039,0.00023895187625355696
2011-01-03,96.92816925048828,0.010338005115561488
2011-01-04,96.874755859375,-0.0005510615905190974
2011-01-05,97.3782730102539,0.005197609494983713
2011-01-06,97.18759155273438,-0.001958151973997846
2011-01-07,96.99681854248047,-0.0019629358769570615
2011-01-10,96.874755859375,-0.0012584194506545243
2011-01-11,97.21807861328125,0.0035439857459318436
2011-01-12,98.09542846679688,0.009024554548188402
2011-01-13,97.9352035522461,-0.00163335760957517
2011-01-14,98.64471435546875,0.007244696263322137
2011-01-18,98.81254577636719,0.001701372668520884
2011-01-19,97.84368133544922,-0.009805075188637491
2011-01-20,97.71398162841797,-0.0013255808168806116
2011-01-21,97.9352035522461,0.00226397410218504
2011-01-24,98.49215698242188,0.0056869584171401755
2011-01-25,98.54553985595703,0.0005420012635592997
2011-01-26,98.92700958251953,0.003870999409208098
2011-01-27,99.17112731933594,0.002467655070608199
2011-01-28,97.43933868408203,-0.017462629316267186
2011-01-31,98.17173767089844,0.0075164609767210955
2011-02-01,99.74333190917969,0.016008621988027993
2011-02-02,99.55260467529297,-0.0019121802955247569
2011-02-03,99.77383422851562,0.002222237719889275
2011-02-04,100.05611419677734,0.0028291983609169957
2011-02-07,100.68170166015625,0.006252366168733925
2011-02-08,101.13948059082031,0.004546793738243071
2011-02-09,100.91058349609375,-0.0022631824228227515
2011-02-10,100.94869995117188,0.0003777250488259387
2011-02-11,101.55142974853516,0.005970654378459672
2011-02-14,101.79554748535156,0.002403882815051439
2011-02-15,101.47512817382812,-0.003147675113880033
2011-02-16,102.11598205566406,0.006315378885140666
2011-02-17,102.42112731933594,0.0029882223872217395
2011-02-18,102.634765625,0.0020858812166553165
2011-02-22,100.57490539550781,-0.020069809844145414
2011-02-23,99.95692443847656,-0.006144484596839139
2011-02-24,99.88827514648438,-0.00068678875803585
2011-02-25,100.95633697509766,0.010692564538200111
2011-02-28,101.58196258544922,0.006196991977887256
2011-03-01,99.88827514648438,-0.016673111996041046
2011-03-02,100.10192108154297,0.0021388489764717633
2011-03-03,101.8260726928711,0.017223961265674825
2011-03-04,101.06318664550781,-0.007492050190959554
2011-03-07,100.2697525024414,-0.007850872007919896
2011-03-08,101.14710235595703,0.00874989547315641
2011-03-09,101.00212097167969,-0.001433371603341893
2011-03-10,99.13298797607422,-0.018505878664959563
2011-03-11,99.81959533691406,0.006926123935713013
2011-03-14,99.21693420410156,-0.0060375032655499705
2011-03-15,98.08016967773438,-0.011457363961969613
2011-03-16,96.26444244384766,-0.018512684468763863
2011-03-17,97.53848266601562,0.01323479562987262
2011-03-18,97.89328002929688,0.00363751161165915
2011-03-21,99.41040802001953,0.015497774620164106
2011-03-22,99.06558227539062,-0.003468708674442489
2011-03-23,99.34908294677734,0.0028617473887007083
2011-03-24,100.29923248291016,0.0095637474242396
2011-03-25,100.6057357788086,0.0030558887472111884
2011-03-28,100.36051940917969,-0.002437399495472503
2011-03-29,101.0348129272461,0.006718712916552905
2011-03-30,101.7320327758789,0.006900788237564015
2011-03-31,101.5941162109375,-0.0013556847452881327
2011-04-01,102.02323913574219,0.004223895446008985
2011-04-04,102.10750579833984,0.0008259555696477072
2011-04-05,102.09220123291016,-0.00014988678168192937
2011-04-06,102.41399383544922,0.003151980255621467
2011-04-07,102.15349578857422,-0.0025435786372470792
2011-04-08,101.80101013183594,-0.0034505491370341312
2011-04-11,101.49456024169922,-0.00301028339247178
2011-04-12,100.73596954345703,-0.007474200552578192
2011-04-13,100.72830963134766,-7.603949358003792e-05
2011-04-14,100.80493927001953,0.0007607557294699863
2011-04-15,101.1727294921875,0.0036485337408198593
2011-04-18,100.03866577148438,-0.011209183802742939
2011-04-19,100.61337280273438,0.0057448490223048765
2011-04-20,101.9849624633789,0.013632279909090439
2011-04-21,102.50592041015625,0.005108183934120714
2011-04-25,102.39869689941406,-0.001046022613261255
2011-04-26,103.27984619140625,0.008605083059384455
2011-04-27,103.95413208007812,0.006528726692933251
2011-04-28,104.2912826538086,0.0032432628408725073
2011-04-29,104.53646850585938,0.0023509716805829584
2011-05-02,104.37554168701172,-0.0015394323258455245
2011-05-03,104.00007629394531,-0.0035972545578953907
2011-05-04,103.31050109863281,-0.006630525860033876
2011-05-05,102.37570190429688,-0.009048443133999218
2011-05-06,102.82776641845703,0.004415740314852812
2011-05-09,103.22624206542969,0.0038751755566786006
2011-05-10,104.10734558105469,0.008535654287080474
2011-05-11,103.01168823242188,-0.010524303952978653
2011-05-12,103.5020523071289,0.004760276072756309
2011-05-13,102.70513916015625,-0.007699491258472024
2011-05-16,102.05387115478516,-0.006341143303019381
2011-05-17,102.0385513305664,-0.00015011507202422614
2011-05-18,102.95038604736328,0.008936178580611909
2011-05-19,103.19554901123047,0.002381370029582941
2011-05-20,102.37570190429688,-0.007944597560543776
2011-05-23,101.18806457519531,-0.011600773494200745
2011-05-24,101.10379791259766,-0.0008327727479661151
2011-05-25,101.44088745117188,0.0033340937287600347
2011-05-26,101.90828704833984,0.0046076055613466504
2011-05-27,102.29906463623047,0.0038346006905725094
2011-05-31,103.36414337158203,0.010411422031461504
2011-06-01,101.04244995117188,-0.022461303743058547
2011-06-02,100.93518829345703,-0.001061550445052295
2011-06-03,99.9314193725586,-0.009944687654221185
2011-06-06,98.8740463256836,-0.010580986976007623
2011-06-07,98.812744140625,-0.000620002794835206
2011-06-08,98.39897918701172,-0.004187364263707027
2011-06-09,99.14987182617188,0.0076311019216270815
2011-06-10,97.77066040039062,-0.013910370234257674
2011-06-13,97.8472900390625,0.000783769265320089
2011-06-14,99.08859252929688,0.012686120277207724
2011-06-15,97.32623291015625,-0.017785696356718006
2011-06-16,97.54078674316406,0.002204481018040383
2011-06-17,97.8318862915039,0.0029843879474371615
2011-06-20,98.33238983154297,0.005115955124771254
2011-06-21,99.67991638183594,0.013703791320453629
2011-06-22,99.07933044433594,-0.006025144876721011
2011-06-23,98.79443359375,-0.0028754418233174484
2011-06-24,97.6470718383789,-0.011613627545951966
2011-06-27,98.5171890258789,0.008910837479491285
2011-06-28,99.80316162109375,0.013053281441851139
2011-06-29,100.65787506103516,0.008563991621691969
2011-06-30,101.62041473388672,0.00956248750798605
2011-07-01,103.12193298339844,0.014775754000254215
2011-07-05,103.03726959228516,-0.0008210027553198218
2011-07-06,103.16045379638672,0.001195530555001989
2011-07-07,104.23078155517578,0.010375368849206756
2011-07-08,103.4915771484375,-0.007091997159658359
2011-07-11,101.62041473388672,-0.018080335290155847
2011-07-12,101.1814956665039,-0.004319201693205099
2011-07-13,101.52029418945312,0.0033484237480132517
2011-07-14,100.8195571899414,-0.006902432711670792
2011-07-15,101.40481567382812,0.005805009466408384
2011-07-18,100.57318115234375,-0.008201134393452825
2011-07-19,102.20562744140625,0.016231427407966237
2011-07-20,102.14403533935547,-0.0006026292640891606
2011-07-21,103.56085205078125,0.013870772842669243
2011-07-22,103.6301498413086,0.0006691504478291144
2011-07-25,103.05268859863281,-0.005572328550716765
2011-07-26,102.66765594482422,-0.0037362698542316997
2011-07-27,100.56546020507812,-0.020475735229368186
2011-07-28,100.27286529541016,-0.0029094970487013594
2011-07-29,99.58751678466797,-0.006834835214124091
2011-08-01,99.16402435302734,-0.0042524650208551895
2011-08-02,96.63063049316406,-0.025547509556936854
2011-08-03,97.15425872802734,0.005418863896374138
2011-08-04,92.6033935546875,-0.04684164372124422
2011-08-05,92.4648208618164,-0.001496410526135361
2011-08-08,86.44319152832031,-0.06512346292753968
2011-08-09,90.46269226074219,0.04649875439993467
2011-08-10,86.46625518798828,-0.04417773750569909
2011-08-11,90.34720611572266,0.044883994562927576
2011-08-12,90.95555114746094,0.006733412773817005
2011-08-15,92.88062286376953,0.021164972253178815
2011-08-16,92.08747100830078,-0.008539476060922757
2011-08-17,92.14907836914062,0.0006690091514651719
2011-08-18,88.17572784423828,-0.04311872234886027
2011-08-19,86.73578643798828,-0.016330360309513403
2011-08-22,86.80509948730469,0.0007991286199493519
2011-08-23,89.66189575195312,0.032910465877252326
2011-08-24,90.92475128173828,0.014084640071394539
2011-08-25,89.53868865966797,-0.01524406283802171
2011-08-26,90.84003448486328,0.014533894171062434
2011-08-29,93.4504165649414,0.028736031364156922
2011-08-30,93.69683837890625,0.002636925794692324
2011-08-31,94.11265563964844,0.004437900658511351
2011-09-01,93.12699890136719,-0.010473158275920658
2011-09-02,90.74762725830078,-0.025549751104794516
2011-09-06,90.08538818359375,-0.007297591074442722
2011-09-07,92.6264877319336,0.028207677178024637
2011-09-08,91.6639633178711,-0.010391459696151961
2011-09-09,89.26148223876953,-0.026209657450335988
2011-09-12,89.8389892578125,0.006469834519419848
2011-09-13,90.66293334960938,0.009171341959696155
2011-09-14,91.91804504394531,0.013843713720314454
2011-09-15,93.50431823730469,0.01725747313926207
2011-09-16,94.05770111083984,0.005918260075761683
2011-09-19,93.12117767333984,-0.009956903331034828
2011-09-20,93.0128402709961,-0.0011634024080299232
2011-09-21,90.2728500366211,-0.029458193367624785
2011-09-22,87.35482025146484,-0.0323245558766837
2011-09-23,87.88113403320312,0.0060250113299209485
2011-09-26,89.9709701538086,0.023780258909903207
2011-09-27,90.97718048095703,0.011183722098675686
2011-09-28,89.11955261230469,-0.020418613314150513
2011-09-29,89.82389831542969,0.007903380150359407
2011-09-30,87.57927703857422,-0.02498913227939803
2011-10-03,85.08695220947266,-0.028457928786096542
2011-10-04,86.95232391357422,0.021923122825098673
2011-10-05,88.5622787475586,0.018515374420407404
2011-10-06,90.16445922851562,0.018091003343804424
2011-10-07,89.56072998046875,-0.006695867232084929
2011-10-10,92.55615997314453,0.03344579698411376
2011-10-11,92.6490478515625,0.0010035839693967041
2011-10-12,93.4617691040039,0.008772041065586711
2011-10-13,93.27598571777344,-0.0019878008731434305
2011-10-14,94.87045288085938,0.017094080012301838
2011-10-17,93.05928039550781,-0.01909100705597011
2011-10-18,94.8781967163086,0.01954578106632976
2011-10-19,93.75585174560547,-0.011829324434348254
2011-10-20,94.16609954833984,0.004375703437130785
2011-10-21,95.95404052734375,0.01898709819754263
2011-10-24,97.13056945800781,0.01226137976262498
2011-10-25,95.24198913574219,-0.019443727477394313
2011-10-26,96.20950317382812,0.010158482060963703
2011-10-27,99.5609130859375,0.034834499727684376
2011-10-28,99.5377426147461,-0.00023272658388950873
2011-10-31,97.13829803466797,-0.024105876997482345
2011-11-01,94.4292984008789,-0.02788806977884495
2011-11-02,95.96954345703125,0.01631109287303567
2011-11-03,97.71878051757812,0.0182270020001718
2011-11-04,97.12281799316406,-0.006098751143408521
2011-11-07,97.7265396118164,0.006216063651436121
2011-11-08,98.9804458618164,0.012830764856513799
2011-11-09,95.32711791992188,-0.03690959269869154
2011-11-10,96.22496032714844,0.009418541405822989
2011-11-11,98.03617095947266,0.018822669566881833
2011-11-14,97.10735321044922,-0.009474235273911336
2011-11-15,97.58724212646484,0.004941839110531809
2011-11-16,96.0392074584961,-0.015863084499945446
2011-11-17,94.5143814086914,-0.015877120294476077
2011-11-18,94.41378021240234,-0.0010644009386682196
2011-11-21,92.61805725097656,-0.019019712560877755
2011-11-22,92.25430297851562,-0.003927466017509262
2011-11-23,90.21863555908203,-0.022065826240188158
2011-11-25,90.04837036132812,-0.001887250862294465
2011-11-28,92.65679168701172,0.028966890963346037
2011-11-29,92.91996002197266,0.0028402487304968194
2011-11-30,96.74357604980469,0.04114956600205022
2011-12-01,96.72808074951172,-0.000160168777356251
2011-12-02,96.64288330078125,-0.0008807933339554097
2011-12-05,97.69556427001953,0.01089248306015489
2011-12-06,97.7265396118164,0.0003170598586366147
2011-12-07,98.09032440185547,0.0037224769390593604
2011-12-08,95.93858337402344,-0.021936322883557846
2011-12-09,97.56401824951172,0.016942452330689584
2011-12-12,96.13982391357422,-0.01459753668914332
2011-12-13,95.24198913574219,-0.009338843585142698
2011-12-14,94.2280044555664,-0.010646403853773134
2011-12-15,94.56858825683594,0.0036144647574505306
2011-12-16,94.70879364013672,0.0014825787915961897
2011-12-19,93.69619750976562,-0.010691680164554018
2011-12-20,96.53145599365234,0.03026012324130023
2011-12-21,96.71839904785156,0.00193660245020566
2011-12-22,97.57518005371094,0.008858511041270223
2011-12-23,98.44759368896484,0.00894093800056206
2011-12-27,98.52549743652344,0.0007913220083846095
2011-12-28,97.23249816894531,-0.013123499005028183
2011-12-29,98.23728942871094,0.010333903568123581
2011-12-30,97.75436401367188,-0.004915907369263395
2012-01-03,99.31219482421875,0.015936176622549425
2012-01-04,99.46798706054688,0.001568712045926235
2012-01-05,99.73280334472656,0.0026623267646754822
2012-01-06,99.47578430175781,-0.002577076291341851
2012-01-09,99.71724700927734,0.0024273516335096
2012-01-10,100.58184051513672,0.008670451018156777
2012-01-11,100.63636779785156,0.0005421185617162649
2012-01-12,100.87783813476562,0.002399434142924317
2012-01-13,100.35594940185547,-0.005173472613607677
2012-01-17,100.74541473388672,0.0038808394953417924
2012-01-18,101.85928344726562,0.011056272052888172
2012-01-19,102.39672088623047,0.005276273509650986
2012-01-20,102.77839660644531,0.003727421316927826
2012-01-23,102.51359558105469,-0.00257642689644777
2012-01-24,102.39672088623047,-0.00114008970382673
2012-01-25,103.25354766845703,0.008367717001197317
2012-01-26,102.72386932373047,-0.005129880344909243
2012-01-27,102.67713165283203,-0.0004549835515944567
2012-01-30,102.32662963867188,-0.003413632700076441
2012-01-31,102.28771209716797,-0.00038032662310216736
2012-02-01,103.18339538574219,0.008756509166256032
2012-02-02,103.34703063964844,0.001585868087539799
2012-02-03,104.79574584960938,0.01401796646690645
2012-02-06,104.72566223144531,-0.0006687639617035668
2012-02-07,104.99053955078125,0.002529249409285672
2012-02-08,105.3021011352539,0.0029675205576209507
2012-02-09,105.43450927734375,0.001257412156665083
2012-02-10,104.65560150146484,-0.00738759805700806
2012-02-13,105.43450927734375,0.007442580852855762
2012-02-14,105.3021011352539,-0.0012558330569125697
2012-02-15,104.8114013671875,-0.004659923807561417
2012-02-16,105.97198486328125,0.011073065343605748
2012-02-17,106.25237274169922,0.002645867950663572
2012-02-21,106.29914093017578,0.0004401613561162421
2012-02-22,105.95638275146484,-0.0032244680033310935
2012-02-23,106.42375946044922,0.004411029301374603
2012-02-24,106.65741729736328,0.0021955420302635087
2012-02-27,106.8365478515625,0.0016794945793576765
2012-02-28,107.14812469482422,0.0029163881604881148
2012-02-29,106.72755432128906,-0.003925130511924557
2012-03-01,107.2805404663086,0.0051812875178873785
2012-03-02,106.95339965820312,-0.0030493956003904144
2012-03-05,106.5172119140625,-0.004078297141882126
2012-03-06,104.9593734741211,-0.014625227340706815
2012-03-07,105.69157409667969,0.006976038426326214
2012-03-08,106.74308776855469,0.009948888365624464
2012-03-09,107.15592193603516,0.003867549422737371
2012-03-12,107.16368103027344,7.240938343011649e-05
2012-03-13,109.0954360961914,0.018026210441317803
2012-03-14,108.97860717773438,-0.0010708873133246088
2012-03-15,109.6094970703125,0.005789116863543775
2012-03-16,109.7613296508789,0.0013852137326111347
2012-03-19,110.19159698486328,0.003920026619146588
2012-03-20,109.87081909179688,-0.002911092150796879
2012-03-21,109.69088745117188,-0.0016376654157339576
2012-03-22,108.90069580078125,-0.007203803969061506
2012-03-23,109.25273132324219,0.0032326287713069224
2012-03-26,110.78614807128906,0.014035500343785534
2012-03-27,110.44190216064453,-0.0031073010176598803
2012-03-28,109.894287109375,-0.00495839930819908
2012-03-29,109.70650482177734,-0.0017087538627986731
2012-03-30,110.1603012084961,0.0041364583390561815
2012-04-02,110.96604919433594,0.007314322646184923
2012-04-03,110.51233673095703,-0.004088750267969954
2012-04-04,109.41705322265625,-0.00991096144285919
2012-04-05,109.3623046875,-0.000500365651822432
2012-04-09,108.13404846191406,-0.011231074812255049
2012-04-10,106.31902313232422,-0.016784956777319948
2012-04-11,107.17962646484375,0.008094537620501052
2012-04-12,108.5799789428711,0.013065472648261967
2012-04-13,107.28914642333984,-0.011888310645284061
2012-04-16,107.2187271118164,-0.0006563507481509578
2012-04-17,108.80683898925781,0.01481188893228702
2012-04-18,108.43913269042969,-0.003379441055763266
2012-04-19,107.74286651611328,-0.0064208017626266045
2012-04-20,107.92281341552734,0.0016701514005770246
2012-04-23,107.01531219482422,-0.008408798769997228
2012-04-24,107.42211151123047,0.0038013187838545903
2012-04-25,108.89289093017578,0.013691589173347785
2012-04-26,109.65180206298828,0.0069693358889619805
2012-04-27,109.83173370361328,0.0016409364665219695
2012-04-30,109.42487335205078,-0.003704397061239484
2012-05-01,110.10550689697266,0.006220098996432721
2012-05-02,109.77696228027344,-0.002983907217344206
2012-05-03,108.93988800048828,-0.007625227209767438
2012-05-04,107.17962646484375,-0.01615809936977941
2012-05-07,107.2578353881836,0.0007296995326391276
2012-05-08,106.82756042480469,-0.004011594694426468
2012-05-09,106.19384765625,-0.0059321093361554
2012-05-10,106.41293334960938,0.0020630733154010095
2012-05-11,106.09215545654297,-0.003014463401854739
2012-05-14,104.91864776611328,-0.011061210750029304
2012-05-15,104.3162612915039,-0.005741462432419353
2012-05-16,103.91724395751953,-0.0038250731865221432
2012-05-17,102.37605285644531,-0.014830946649280308
2012-05-18,101.4998550415039,-0.008558620795529603
2012-05-21,103.24443054199219,0.01718796051260285
2012-05-22,103.42438507080078,0.0017429950251446336
2012-05-23,103.4791488647461,0.0005295056277860866
2012-05-24,103.68257141113281,0.0019658312676364975
2012-05-25,103.34613800048828,-0.0032448405365108623
2012-05-29,104.5978775024414,0.012112107197921773
2012-05-30,103.08016967773438,-0.014509929464597504
2012-05-31,102.85330200195312,-0.0022008857425295236
2012-06-01,100.2637710571289,-0.02517693544515509
2012-06-04,100.21685028076172,-0.0004679733853263368
2012-06-05,100.97567749023438,0.007571852511296884
2012-06-06,103.24443054199219,0.022468312252494904
2012-06-07,103.30703735351562,0.0006063940804823531
2012-06-08,104.12850189208984,0.007951680346452772
2012-06-11,102.80635833740234,-0.012697230159497197
2012-06-12,103.9876708984375,0.011490656610539496
2012-06-13,103.32271575927734,-0.006394557483738628
2012-06-14,104.41798400878906,0.010600459361361336
2012-06-15,105.48587799072266,0.010227107830809157
2012-06-18,105.6903305053711,0.0019381979705985763
2012-06-19,106.71263122558594,0.009672604062515466
2012-06-20,106.53962707519531,-0.0016212152994794504
2012-06-21,104.14901733398438,-0.022438690718559196
2012-06-22,104.95112609863281,0.007701549041756683
2012-06-25,103.26828002929688,-0.01603456896455213
2012-06-26,103.78730010986328,0.005025939043616923
2012-06-27,104.72306823730469,0.009016210330655694
2012-06-28,104.42423248291016,-0.0028535809676371038
2012-06-29,107.0271987915039,0.024926841660241505
2012-07-02,107.34961700439453,0.0030124885686180214
2012-07-03,108.05733489990234,0.006592644811008963
2012-07-05,107.5698013305664,-0.004511804495155869
2012-07-06,106.54750061035156,-0.009503603312171927
2012-07-09,106.41380310058594,-0.0012548160116355733
2012-07-10,105.48587799072266,-0.008719969429023977
2012-07-11,105.5016098022461,0.00014913666002591697
2012-07-12,104.99044799804688,-0.00484506165505294
2012-07-13,106.75193786621094,0.016777620266910764
2012-07-16,106.50032806396484,-0.0023569577028328403
2012-07-17,107.2316665649414,0.006867007024967231
2012-07-18,108.02588653564453,0.0074065805013123764
2012-07-19,108.30900573730469,0.002620845898512858
2012-07-20,107.31816101074219,-0.009148313381859619
2012-07-23,106.23294067382812,-0.010112177908130904
2012-07-24,105.32073211669922,-0.008586870996348472
2012-07-25,105.34432983398438,0.0002240557657633424
2012-07-26,107.08222198486328,0.016497253849520943
2012-07-27,109.05606079101562,0.018432927236337715
2012-07-30,109.05606079101562,0.0
2012-07-31,108.29326629638672,-0.006994517215238916
2012-08-01,108.19891357421875,-0.0008712704436278917
2012-08-02,107.45185089111328,-0.006904530354577165
2012-08-03,109.58295440673828,0.01983310197033794
2012-08-06,109.79527282714844,0.001937513197737717
2012-08-07,110.34575653076172,0.005013728637296655
2012-08-08,110.47941589355469,0.0012112777780965978
2012-08-09,110.57376861572266,0.0008540298788226597
2012-08-10,110.75465393066406,0.00163587908059859
2012-08-13,110.69961547851562,-0.0004969403108143755
2012-08-14,110.71533203125,0.0001419747725992515
2012-08-15,110.84114837646484,0.0011363949590950106
2012-08-16,111.65898132324219,0.007378423615746366
2012-08-17,111.80841064453125,0.001338265131189731
2012-08-20,111.81624603271484,7.007870104258629e-05
2012-08-21,111.47810363769531,-0.0030240900317883845
2012-08-22,111.52532196044922,0.00042356589512282383
2012-08-23,110.6131591796875,-0.008178974646539938
2012-08-24,111.28152465820312,0.006042368588622393
2012-08-27,111.30509948730469,0.00021184854515587936
2012-08-28,111.19503784179688,-0.000988828418597043
2012-08-29,111.28152465820312,0.000777793848402597
2012-08-30,110.47941589355469,-0.00720792393087788
2012-08-31,111.00630187988281,0.00476908736407311
2012-09-04,110.90406036376953,-0.0009210424487784419
2012-09-05,110.8096923828125,-0.0008508974391695512
2012-09-06,113.05876159667969,0.020296683128560256
2012-09-07,113.49913024902344,0.0038950422428534193
2012-09-10,112.85433197021484,-0.00568108563822356
2012-09-11,113.16889190673828,0.0027873093662587056
2012-09-12,113.54634094238281,0.0033352719929040653
2012-09-13,115.27637481689453,0.01523636834224007
2012-09-14,115.78753662109375,0.004434228652758554
2012-09-17,115.39437103271484,-0.0033955777957822564
2012-09-18,115.29996490478516,-0.0008181172711009266
2012-09-19,115.36284637451172,0.0005453728435953487
2012-09-20,115.37073516845703,6.838244888385248e-05
2012-09-21,115.32251739501953,-0.00041793764568709424
2012-09-24,115.14859771728516,-0.0015081155151915882
2012-09-25,113.9231948852539,-0.010641925792616913
2012-09-26,113.28286743164062,-0.005620694313025809
2012-09-27,114.35014343261719,0.009421336387169132
2012-09-28,113.8204345703125,-0.004632341039579213
2012-10-01,114.12083435058594,0.0026392429567456688
2012-10-02,114.23942565917969,0.0010391731647301228
2012-10-03,114.70590209960938,0.004083322703506642
2012-10-04,115.52811431884766,0.007168002728615397
2012-10-05,115.53600311279297,6.82846248449831e-05
2012-10-08,115.14070892333984,-0.0034213940140132015
2012-10-09,114.00225067138672,-0.009887539017248037
2012-10-10,113.2749252319336,-0.0063799217574190825
2012-10-11,113.33820343017578,0.0005586249393907394
2012-10-12,112.96656036376953,-0.0032790626210623675
2012-10-15,113.90736389160156,0.008328159455351258
2012-10-16,115.06165313720703,0.010133578779892849
2012-10-17,115.58341217041016,0.0045346040055669334
2012-10-18,115.2829818725586,-0.002599250984290258
2012-10-19,113.36182403564453,-0.01666471326216945
2012-10-22,113.37769317626953,0.0001399866380062953
2012-10-23,111.8044204711914,-0.013876386624237846
2012-10-24,111.48815155029297,-0.002828769377503537
2012-10-25,111.81233978271484,0.002907826777230449
2012-10-26,111.74907684326172,-0.0005657956856646162
2012-10-31,111.74907684326172,0.0
2012-11-01,112.91912841796875,0.010470346670945041
2012-11-02,111.91512298583984,-0.008891367177513043
2012-11-05,112.14437103271484,0.002048409908855797
2012-11-06,113.02191925048828,0.007825165094710318
2012-11-07,110.46044158935547,-0.02266354772701973
2012-11-08,109.13224792480469,-0.0120241567518663
2012-11-09,109.22710418701172,0.000869186368014585
2012-11-12,109.31412506103516,0.0007966967051917795
2012-11-13,108.9345932006836,-0.0034719379598898703
2012-11-14,107.46410369873047,-0.013498829515470212
2012-11-15,107.28228759765625,-0.0016918775183193402
2012-11-16,107.81200408935547,0.00493759504538005
2012-11-19,109.99402618408203,0.020239138611300556
2012-11-20,110.0414047241211,0.0004307373925904745
2012-11-21,110.24699401855469,0.0018682903489737335
2012-11-23,111.74907684326172,0.013624705490421274
2012-11-26,111.51193237304688,-0.0021221156980782974
2012-11-27,110.94268798828125,-0.005104784507377169
2012-11-28,111.83605194091797,0.008052481590594684
2012-11-29,112.35784912109375,0.004665733197121824
2012-11-30,112.38150787353516,0.00021056608529335108
2012-12-03,111.82811737060547,-0.004924213185966697
2012-12-04,111.66998291015625,-0.0014140849740423844
2012-12-05,111.8676986694336,0.0017705363081896852
2012-12-06,112.24715423583984,0.0033920029724356926
2012-12-07,112.58712005615234,0.003028725517603803
2012-12-10,112.63455200195312,0.0004212910480090315
2012-12-11,113.40142822265625,0.006808534389072918
2012-12-12,113.4567642211914,0.0004879656226772777
2012-12-13,112.76103973388672,-0.006132067066079272
2012-12-14,112.34205627441406,-0.003715675737483881
2012-12-17,113.66228485107422,0.011751864087615305
2012-12-18,114.92723083496094,0.011128986062035606
2012-12-19,114.07334899902344,-0.007429760812419639
2012-12-20,114.72958374023438,0.005752743712438502
2012-12-21,113.68816375732422,-0.009077170412019386
2012-12-24,113.33782958984375,-0.0030815359831853906
2012-12-26,112.86011505126953,-0.00421496106201269
2012-12-27,112.70886993408203,-0.0013401113149564825
2012-12-28,111.49067687988281,-0.010808315751117736
2012-12-31,113.38563537597656,0.016996564637735023
2013-01-02,116.29174041748047,0.025630275227259025
2013-01-03,116.02896881103516,-0.0022595895933965604
2013-01-04,116.53853607177734,0.004391724462983637
2013-01-07,116.22003936767578,-0.0027329732707934706
2013-01-08,115.88565063476562,-0.002877203748419599
2013-01-09,116.18025207519531,0.002542173589361596
2013-01-10,117.10381317138672,0.007949381066875816
2013-01-11,117.09589385986328,-6.762641889246357e-05
2013-01-14,117.01630401611328,-0.0006796979904799549
2013-01-15,117.09589385986328,0.0006801602940649243
2013-01-16,117.07994842529297,-0.00013617415645161834
2013-01-17,117.8363037109375,0.006460160734757636
2013-01-18,118.09900665283203,0.0022293888523434724
2013-01-22,118.73604583740234,0.005394111285313086
2013-01-23,118.92713928222656,0.0016093970746331454
2013-01-24,118.95893859863281,0.0002673848593195416
2013-01-25,119.62772369384766,0.005621982703387429
2013-01-28,119.48445129394531,-0.0011976521451583233
2013-01-29,119.95417785644531,0.0039312777303921465
2013-01-30,119.48445129394531,-0.003915883305558143
2013-01-31,119.1898422241211,-0.0024656686843667064
2013-02-01,120.41596221923828,0.010287118199314493
2013-02-04,119.06245422363281,-0.011240270564305876
2013-02-05,120.26472473144531,0.010097813921711163
2013-02-06,120.35228729248047,0.0007280818313988302
2013-02-07,120.19307708740234,-0.0013228681287229538
2013-02-08,120.86181640625,0.00556387551640225
2013-02-11,120.83800506591797,-0.00019701292798701697
2013-02-12,121.0369873046875,0.0016466858970485276
2013-02-13,121.1405029296875,0.0008552396032415199
2013-02-14,121.25203704833984,0.0009207004755220627
2013-02-15,121.10871124267578,-0.001182048641433786
2013-02-19,122.016357421875,0.007494474756489566
2013-02-20,120.49559783935547,-0.012463571398558138
2013-02-21,119.7631607055664,-0.0060785385269057635
2013-02-22,120.93352508544922,0.009772323751208623
2013-02-25,118.63248443603516,-0.01902731808891034
2013-02-26,119.44462585449219,0.006845860325001674
2013-02-27,120.94944763183594,0.012598488768987615
2013-02-28,120.7105941772461,-0.0019748205491346704
2013-03-01,121.10871124267578,0.0032981120517483475
2013-03-04,121.75360107421875,0.005324883940435621
2013-03-05,122.8443603515625,0.00895874345990677
2013-03-06,123.0115737915039,0.0013611812496956421
2013-03-07,123.2344741821289,0.0018120277934399187
2013-03-08,123.76000213623047,0.004264455685710766
2013-03-11,124.22977447509766,0.003795833312527641
2013-03-12,123.95106506347656,-0.0022434992963539235
2013-03-13,124.12630462646484,0.0014137802115579134
2013-03-14,124.78707122802734,0.0053233406371917535
2013-03-15,124.6223373413086,-0.0013201198256966862
2013-03-18,123.93455505371094,-0.005518932659030473
2013-03-19,123.64668273925781,-0.0023227768424097794
2013-03-20,124.51039123535156,0.0069852945259769594
2013-03-21,123.44672393798828,-0.008542799414650637
2013-03-22,124.43838500976562,0.00803310966984827
2013-03-25,123.91856384277344,-0.004177337780070012
2013-03-26,124.91026306152344,0.008002830149066664
2013-03-27,124.91026306152344,0.0
2013-03-28,125.29408264160156,0.0030727625630655453
2013-04-01,124.79827117919922,-0.00395718179142257
2013-04-02,125.4140853881836,0.004934477081818933
2013-04-03,124.14249420166016,-0.010139141728678913
2013-04-04,124.64635467529297,0.004058726843479743
2013-04-05,124.0865249633789,-0.004491344439012557
2013-04-08,124.92620849609375,0.006766919558450546
2013-04-09,125.35806274414062,0.003456874688231526
2013-04-10,126.89360809326172,0.012249274721604309
2013-04-11,127.30944061279297,0.003277017067917498
2013-04-12,126.9975357055664,-0.0024499746894278696
2013-04-15,124.05452728271484,-0.023173744328982004
2013-04-16,125.88587951660156,0.014762478032850357
2013-04-17,124.04657745361328,-0.014610868749149297
2013-04-18,123.27079772949219,-0.0062539389642668475
2013-04-19,124.34242248535156,0.008693257248249209
2013-04-22,124.89422607421875,0.004437774154932406
2013-04-23,126.18186950683594,0.01030987158567287
2013-04-24,126.26180267333984,0.0006334758457480216
2013-04-25,126.77362823486328,0.004053684888751574
2013-04-26,126.54967498779297,-0.001766560208053769
2013-04-29,127.39738464355469,0.006698631630966068
2013-04-30,127.70127868652344,0.0023854025246987653
2013-05-01,126.58168029785156,-0.008767323242081404
2013-05-02,127.75727081298828,0.009287208957651005
2013-05-03,129.0528564453125,0.010140993339006865
2013-05-06,129.3807373046875,0.002540671073901768
2013-05-07,130.03648376464844,0.005068346908679855
2013-05-08,130.62826538085938,0.004550889097262756
2013-05-09,130.26043701171875,-0.0028158405691768307
2013-05-10,130.68435668945312,0.003254400856157469
2013-05-13,130.78823852539062,0.0007949064338614864
2013-05-14,132.1398468017578,0.010334325866043326
2013-05-15,132.8515625,0.005386079335402361
2013-05-16,132.22779846191406,-0.0046951953469567265
2013-05-17,133.50730895996094,0.00967656206130818
2013-05-20,133.4993133544922,-5.9888896952853266e-05
2013-05-21,133.69129943847656,0.0014381054041423535
2013-05-22,132.69967651367188,-0.007417258482561362
2013-05-23,132.3157958984375,-0.002892852682989222
2013-05-24,132.20375061035156,-0.0008468020565884915
2013-05-28,132.99559020996094,0.005989539600455007
2013-05-29,132.1318359375,-0.0064946083633098395
2013-05-30,132.61962890625,0.0036917141526795483
2013-05-31,130.71627807617188,-0.014351954124555921
2013-06-03,131.43603515625,0.005506254390587051
2013-06-04,130.8042449951172,-0.004806826076134696
2013-06-05,128.97293090820312,-0.014000417853276992
2013-06-06,130.1405029296875,0.009052845533264575
2013-06-07,131.79592895507812,0.012720298355424431
2013-06-10,131.79592895507812,0.0
2013-06-11,130.43637084960938,-0.010315630507313656
2013-06-12,129.35675048828125,-0.008276988651983452
2013-06-13,131.32415771484375,0.01520915776823517
2013-06-14,130.50038146972656,-0.006272846210869543
2013-06-17,131.50802612304688,0.007721392397263438
2013-06-18,132.5477294921875,0.007906006954798483
2013-06-19,130.71627807617188,-0.013817297535251849
2013-06-20,127.4773178100586,-0.024778553320083496
2013-06-21,127.88658905029297,0.0032105416654921726
2013-06-24,126.2706298828125,-0.01263587667386279
2013-06-25,127.48462677001953,0.009614245912400232
2013-06-26,128.746826171875,0.00990079693398993
2013-06-27,129.50253295898438,0.005869711973330638
2013-06-28,128.97193908691406,-0.004097169838665371
2013-07-01,129.7276611328125,0.005859585048102245
2013-07-02,129.6071319580078,-0.0009290938705917018
2013-07-03,129.66331481933594,0.00043348587750813294
2013-07-05,131.062255859375,0.010789027274123342
2013-07-08,131.80995178222656,0.005704891297261039
2013-07-09,132.75863647460938,0.007197367721901715
2013-07-10,132.80685424804688,0.0003631987697216843
2013-07-11,134.61581420898438,0.013620983428753286
2013-07-12,134.67208862304688,0.00041803717039612387
2013-07-15,135.1864776611328,0.003819566796247953
2013-07-16,134.6800994873047,-0.0037457753363280277
2013-07-17,135.02581787109375,0.0025669596703976616
2013-07-18,135.7654266357422,0.005477535898760655
2013-07-19,136.0066375732422,0.0017766742496760912
2013-07-22,136.2719268798828,0.0019505614679853345
2013-07-23,135.9824981689453,-0.0021239056169846116
2013-07-24,135.48406982421875,-0.0036653859977430203
2013-07-25,135.81369018554688,0.0024329086198531247
2013-07-26,135.95843505859375,0.0010657605492430111
2013-07-29,135.540283203125,-0.0030755859707309874
2013-07-30,135.540283203125,0.0
2013-07-31,135.6367950439453,0.0007120528195716513
2013-08-01,137.2045440673828,0.01155843458944572
2013-08-02,137.43772888183594,0.0016995414841260992
2013-08-05,137.2366943359375,-0.0014627318679812928
2013-08-06,136.4568328857422,-0.0056826015372121175
2013-08-07,136.01466369628906,-0.003240359460953912
2013-08-08,136.51315307617188,0.003664967925781193
2013-08-09,136.1192169189453,-0.0028857011090114293
2013-08-12,135.95843505859375,-0.0011811841413054136
2013-08-13,136.3603973388672,0.00295650858367269
2013-08-14,135.6609344482422,-0.00512951637187431
2013-08-15,133.76358032226562,-0.01398600218768542
2013-08-16,133.3213348388672,-0.0033061725944608655
2013-08-19,132.46925354003906,-0.006391184875683686
2013-08-20,133.1204071044922,0.004915507161488808
2013-08-21,132.30032348632812,-0.0061604650706960085
2013-08-22,133.5063018798828,0.00911546065629465
2013-08-23,133.9564971923828,0.00337209035199737
2013-08-26,133.45803833007812,-0.003721050286861538
2013-08-27,131.31146240234375,-0.016084276036077427
2013-08-28,131.77777099609375,0.00355116442402581
2013-08-29,131.98681640625,0.0015863480507836147
2013-08-30,131.56871032714844,-0.0031677866811685718
2013-09-03,132.16372680664062,0.004522477099704547
2013-09-04,133.257080078125,0.008272718225356801
2013-09-05,133.42588806152344,0.0012667843487150776
2013-09-06,133.49017333984375,0.0004818051373258747
2013-09-09,134.76853942871094,0.009576480851610558
2013-09-10,135.7654266357422,0.007397032061466913
2013-09-11,136.1915283203125,0.003138513943712118
2013-09-12,135.82974243164062,-0.0026564492897163117
2013-09-13,136.13526916503906,0.0022493360285373853
2013-09-16,136.92320251464844,0.00578787080263643
2013-09-17,137.53414916992188,0.004461965861542572
2013-09-18,139.12603759765625,0.011574495769538728
2013-09-19,138.89283752441406,-0.0016761785016589092
2013-09-20,137.92178344726562,-0.006991390589005331
2013-09-23,137.28355407714844,-0.004627473298017604
2013-09-24,136.96043395996094,-0.0023536695226138438
2013-09-25,136.56454467773438,-0.0028905375865141414
2013-09-26,137.08973693847656,0.0038457438713799252
2013-09-27,136.45953369140625,-0.004597012592949534
2013-09-30,135.73239135742188,-0.0053286297726090615
2013-10-01,136.80690002441406,0.007916376159340599
2013-10-02,136.67762756347656,-0.0009449264687265702
2013-10-03,135.41732788085938,-0.009220965457802266
2013-10-04,136.44337463378906,0.007576923640321809
2013-10-07,135.263916015625,-0.008644308463710337
2013-10-08,133.68849182128906,-0.011647039659519742
2013-10-09,133.7854766845703,0.0007254540907746243
2013-10-10,136.66957092285156,0.021557603334487085
2013-10-11,137.55014038085938,0.006443054237031953
2013-10-14,138.09957885742188,0.00399445958427358
2013-10-15,137.09768676757812,-0.007254852608045481
2013-10-16,139.0124053955078,0.013966089968940887
2013-10-17,139.94151306152344,0.006683631316012351
2013-10-18,140.88670349121094,0.006754181865047837
2013-10-21,140.89479064941406,5.7401855552807746e-05
2013-10-22,141.7107696533203,0.005791406482420269
2013-10-23,141.0321502685547,-0.0047887636657806265
2013-10-24,141.50076293945312,0.0033227364824695016
2013-10-25,142.1470184326172,0.004567152004972597
2013-10-28,142.37326049804688,0.0015916061267013948
2013-10-29,143.1326446533203,0.005333755458131417
2013-10-30,142.42172241210938,-0.004966877003725112
2013-10-31,142.0177764892578,-0.0028362662381143933
2013-11-01,142.3571014404297,0.0023893132223313795
2013-11-04,142.8579559326172,0.003518296503087326
2013-11-05,142.40554809570312,-0.003166836834256892
2013-11-06,143.1326446533203,0.0051058162223325265
2013-11-07,141.322998046875,-0.012643143783365618
2013-11-08,143.22959899902344,0.01349108763964968
2013-11-11,143.25384521484375,0.00016928215948208702
2013-11-12,142.96302795410156,-0.0020300834529505263
2013-11-13,144.11012268066406,0.008023715942353737
2013-11-14,144.82919311523438,0.004989728835105511
2013-11-15,145.4593963623047,0.0043513550929534794
2013-11-18,144.9503631591797,-0.00349948656363952
2013-11-19,144.63528442382812,-0.0021737009034296095
2013-11-20,144.18289184570312,-0.003127816147540763
2013-11-21,145.3462371826172,0.00806853935319185
2013-11-22,146.07333374023438,0.005002513802291553
2013-11-25,145.92794799804688,-0.000995292833160355
2013-11-26,145.96832275390625,0.0002766759651819939
2013-11-27,146.3238067626953,0.0024353503697400747
2013-11-29,146.2268524169922,-0.0006626013076626025
2013-12-02,145.84718322753906,-0.0025964395949003016
2013-12-03,145.21701049804688,-0.004320774083850787
2013-12-04,145.20074462890625,-0.00011201076984601599
2013-12-05,144.56260681152344,-0.004394866011284693
2013-12-06,146.1784210205078,0.011177262534363575
2013-12-09,146.5499725341797,0.0025417671847731693
2013-12-10,146.02479553222656,-0.003583603550868175
2013-12-11,144.38482666015625,-0.011230756160917732
2013-12-12,143.90818786621094,-0.003301169554798089
2013-12-13,143.89208984375,-0.0001118631448261409
2013-12-16,144.78880310058594,0.006231845390595625
2013-12-17,144.3283233642578,-0.003180354602477231
2013-12-18,146.7923583984375,0.0170724288673465
2013-12-19,146.6227264404297,-0.0011555912028293758
2013-12-20,147.4755859375,0.0058166937539305685
2013-12-23,148.26351928710938,0.005342805350461832
2013-12-24,148.58837890625,0.002191096101742618
2013-12-26,149.34376525878906,0.005083751219977062
2013-12-27,149.33570861816406,-5.394694991811555e-05
2013-12-30,149.31129455566406,-0.00016348442529856566
2013-12-31,150.01797485351562,0.004732932628804587
2014-01-02,148.58026123046875,-0.009583609060519027
2014-01-03,148.5558624267578,-0.0001642129547281268
2014-01-06,148.1253662109375,-0.00289787429986188
2014-01-07,149.03514099121094,0.006141924260142373
2014-01-08,149.06765747070312,0.00021817994921158324
2014-01-09,149.16506958007812,0.0006534758178120548
2014-01-10,149.5712432861328,0.00272298137357585
2014-01-13,147.58114624023438,-0.01330534534697514
2014-01-14,149.18948364257812,0.010897986926634129
2014-01-15,149.9935760498047,0.005389739193366827
2014-01-16,149.7986602783203,-0.0012994941291328832
2014-01-17,149.16506958007812,-0.004229615251998942
2014-01-21,149.603759765625,0.00294097127954851
2014-01-22,149.70118713378906,0.0006512360940440498
2014-01-23,148.47462463378906,-0.008193405299477097
2014-01-24,145.30682373046875,-0.021335638403758628
2014-01-27,144.59202575683594,-0.004919231976047489
2014-01-28,145.4530487060547,0.005954843946005317
2014-01-29,144.05599975585938,-0.0096048103674925
2014-01-30,145.58302307128906,0.010600206294896664
2014-01-31,144.7301025390625,-0.005858653806144032
2014-02-03,141.47286987304688,-0.02250556455687236
2014-02-04,142.46389770507812,0.007005073360853986
2014-02-05,142.28518676757812,-0.0012544296511524111
2014-02-06,144.1614990234375,0.013186982415283488
2014-02-07,145.94847106933594,0.01239562614153944
2014-02-10,146.21653747558594,0.0018367195235819977
2014-02-11,147.81674194335938,0.010944073053573922
2014-02-12,147.8898162841797,0.0004943576746423428
2014-02-13,148.65333557128906,0.005162757695514442
2014-02-14,149.47377014160156,0.005519113090597605
2014-02-18,149.65248107910156,0.0011956006550895015
2014-02-19,148.66146850585938,-0.006622092504556365
2014-02-20,149.53878784179688,0.00590145748427684
2014-02-21,149.36817932128906,-0.0011408981105845983
2014-02-24,150.19667053222656,0.005546637943249166
2014-02-25,150.13983154296875,-0.0003784304209700773
2014-02-26,150.14791870117188,5.3864175282525295e-05
2014-02-27,150.93585205078125,0.005247714097040168
2014-02-28,151.31764221191406,0.0025294862416409547
2014-03-03,150.2535400390625,-0.007032241299142927
2014-03-04,152.36546325683594,0.014055730182625847
2014-03-05,152.50355529785156,0.0009063211443320895
2014-03-06,152.85276794433594,0.0022898656087220193
2014-03-07,152.9178009033203,0.0004254614414838098
2014-03-10,152.83656311035156,-0.0005312513813883202
2014-03-11,152.08114624023438,-0.004942644971489996
2014-03-12,152.12176513671875,0.00026708699591337925
2014-03-13,150.4159698486328,-0.011213354555496102
2014-03-14,149.9935760498047,-0.002808171228448564
2014-03-17,151.35009765625,0.00904386469187779
2014-03-18,152.430419921875,0.007137902666429996
2014-03-19,151.61819458007812,-0.005328499010979315
2014-03-20,152.50355529785156,0.005839409447035981
2014-03-21,151.9120635986328,-0.003878543671086976
2014-03-24,151.2838134765625,-0.004135617061527208
2014-03-25,152.00177001953125,0.0047457591560513546
2014-03-26,150.90855407714844,-0.007192126395911935
2014-03-27,150.59036254882812,-0.002108505579860309
2014-03-28,151.332763671875,0.004929937815948637
2014-03-31,152.57284545898438,0.008194403888626356
2014-04-01,153.5845489501953,0.0066309538120459255
2014-04-02,154.09852600097656,0.003346541395566671
2014-04-03,153.89451599121094,-0.0013238933237059713
2014-04-04,152.07522583007812,-0.011821669858831818
2014-04-07,150.39454650878906,-0.01105163127074349
2014-04-08,151.0146026611328,0.004122863273553046
2014-04-09,152.63815307617188,0.010750949818291389
2014-04-10,149.4318389892578,-0.021005980629980492
2014-04-11,148.08563232421875,-0.009008834222644091
2014-04-14,149.2523651123047,0.007878771017646669
2014-04-15,150.28030395507812,0.006887253290760009
2014-04-16,151.85488891601562,0.010477653554707755
2014-04-17,152.0670166015625,0.0013969104785569453
2014-04-21,152.59727478027344,0.003487003234240449
2014-04-22,153.29078674316406,0.0045447204996893475
2014-04-23,152.93185424804688,-0.0023415138166038574
2014-04-24,153.2418670654297,0.002027130442556313
2014-04-25,151.9854736328125,-0.008198760930527849
2014-04-28,152.4668426513672,0.0031672041218731017
2014-04-29,153.17665100097656,0.004655493202757821
2014-04-30,153.633544921875,0.002982790901307375
2014-05-01,153.64979553222656,0.00010577514409249034
2014-05-02,153.42953491210938,-0.0014335236786631178
2014-05-05,153.72328186035156,0.0019145397814732679
2014-05-06,152.38519287109375,-0.008704530459305304
2014-05-07,153.2826385498047,0.005889323377174183
2014-05-08,153.11947631835938,-0.0010644534370557457
2014-05-09,153.347900390625,0.0014918028572059594
2014-05-12,154.84097290039062,0.009736504418790926
2014-05-13,154.9796905517578,0.0008958717371043701
2014-05-14,154.2452850341797,-0.004738721021854575
2014-05-15,152.8910369873047,-0.008779834317625412
2014-05-16,153.4213409423828,0.0034685091129453838
2014-05-19,153.98428344726562,0.0036692581450856743
2014-05-20,153.013427734375,-0.006304901326005141
2014-05-21,154.30245971679688,0.008424306294605666
2014-05-22,154.67771911621094,0.0024319728933861473
2014-05-23,155.29782104492188,0.004008993229626334
2014-05-27,156.25241088867188,0.0061468334669929625
2014-05-28,156.1381378173828,-0.0007313363719583243
2014-05-29,156.9458770751953,0.005173234861794107
2014-05-30,157.19879150390625,0.0016114754552600807
2014-06-02,157.3782501220703,0.0011416030393567311
2014-06-03,157.29664611816406,-0.000518521484658474
2014-06-04,157.61483764648438,0.002022875478739028
2014-06-05,158.64283752441406,0.006522227813573034
2014-06-06,159.40159606933594,0.004782809969628099
2014-06-09,159.56478881835938,0.0010237836574262804
2014-06-10,159.5811004638672,0.00010222584586871974
2014-06-11,159.0262451171875,-0.0034769489937520603
2014-06-12,157.90040588378906,-0.0070795813141962816
2014-06-13,158.38180541992188,0.0030487542665793566
2014-06-16,158.5122833251953,0.0008238187772104943
2014-06-17,158.95281982421875,0.0027791947083346535
2014-06-18,160.1195068359375,0.007339832115019762
2014-06-19,160.2989959716797,0.0011209698261567258
2014-06-20,160.62445068359375,0.002030297881413734
2014-06-23,160.57528686523438,-0.00030607929334636186
2014-06-24,159.60787963867188,-0.006024633338344354
2014-06-25,160.32936096191406,0.004520336495137389
2014-06-26,160.21458435058594,-0.0007158801771522949
2014-06-27,160.52606201171875,0.0019441280105387815
2014-06-30,160.44412231445312,-0.0005104448227206682
2014-07-01,161.5179901123047,0.006693095280529526
2014-07-02,161.6819305419922,0.0010149979551721255
2014-07-03,162.47715759277344,0.004918465830507257
2014-07-07,161.91146850585938,-0.003481653023078346
2014-07-08,160.87039184570312,-0.00642991302446605
2014-07-09,161.591796875,0.004484386598553103
2014-07-10,160.95236206054688,-0.0039570994742249566
2014-07-11,161.17372131347656,0.0013753091293335906
2014-07-14,161.9852752685547,0.005035274661802314
2014-07-15,161.6819305419922,-0.0018726685253309672
2014-07-16,162.28038024902344,0.0037014012946599006
2014-07-17,160.43589782714844,-0.01136602230685313
2014-07-18,162.0753936767578,0.010219008786772621
2014-07-21,161.77207946777344,-0.0018714389772780393
2014-07-22,162.47715759277344,0.004358466104408709
2014-07-23,162.8377685546875,0.0022194563670168144
2014-07-24,162.84597778320312,5.041354096468886e-05
2014-07-25,162.0836639404297,-0.004681195404091065
2014-07-28,162.14915466308594,0.00040405504826401817
2014-07-29,161.45240783691406,-0.0042969500989356035
2014-07-30,161.47702026367188,0.00015244385071455646
2014-07-31,158.2881622314453,-0.019748060913060916
2014-08-01,157.8044891357422,-0.003055649196279764
2014-08-04,158.9439697265625,0.007220837614068998
2014-08-05,157.40272521972656,-0.009696778742140366
2014-08-06,157.4519500732422,0.0003127319012228291
2014-08-07,156.59939575195312,-0.005414695219033372
2014-08-08,158.4111328125,0.01156924681508098
2014-08-11,158.87014770507812,0.002897617638536909
2014-08-12,158.64881896972656,-0.0013931423779024454
2014-08-13,159.7227020263672,0.006768931931636635
2014-08-14,160.47691345214844,0.004722005176551303
2014-08-15,160.44412231445312,-0.00020433554577981017
2014-08-18,161.78854370117188,0.008379374497021752
2014-08-19,162.63287353515625,0.005218724482395132
2014-08-20,163.06735229492188,0.002671530978463066
2014-08-21,163.5428009033203,0.002915657865950605
2014-08-22,163.28871154785156,-0.0015536566211737934
2014-08-25,164.11663818359375,0.005070323771276586
2014-08-26,164.22323608398438,0.0006495252496665493
2014-08-27,164.1575927734375,-0.0003997199915930505
2014-08-28,164.0674591064453,-0.000549067913761303
2014-08-29,164.5347442626953,0.002848128195529709
2014-09-02,164.4527587890625,-0.0004982866931857455
2014-09-03,164.36253356933594,-0.0005486391374089905
2014-09-04,164.12486267089844,-0.0014460162743672456
2014-09-05,164.8626251220703,0.004495129130138054
2014-09-08,164.43637084960938,-0.002585511859618417
2014-09-09,163.395263671875,-0.006331368007912008
2014-09-10,164.01010131835938,0.0037628853656312966
2014-09-11,164.19863891601562,0.0011495486932862065
2014-09-12,163.23948669433594,-0.005841413960625319
2014-09-15,163.11651611328125,-0.0007533139410377254
2014-09-16,164.34617614746094,0.0075385378714545315
2014-09-17,164.56748962402344,0.0013466299110234115
2014-09-18,165.4446258544922,0.005329948414918961
2014-09-19,165.29559326171875,-0.0009008004460930863
2014-09-22,164.01901245117188,-0.00772301780922624
2014-09-23,163.08013916015625,-0.005724173539303101
2014-09-24,164.35665893554688,0.007827561234400093
2014-09-25,161.70474243164062,-0.016135132711271538
2014-09-26,162.989501953125,0.007945094881972814
2014-09-29,162.69300842285156,-0.001819095872559351
2014-09-30,162.2647247314453,-0.002632465251936944
2014-10-01,160.06576538085938,-0.013551678309782433
2014-10-02,160.09046936035156,0.00015433643436124633
2014-10-03,161.85296630859375,0.011009380853740591
2014-10-06,161.66351318359375,-0.0011705261220779084
2014-10-07,159.16807556152344,-0.015435997727182627
2014-10-08,161.9517364501953,0.01748881412840797
2014-10-09,158.73976135253906,-0.019832915460242795
2014-10-10,156.92784118652344,-0.011414406514015152
2014-10-13,154.35006713867188,-0.016426492764834766
2014-10-14,154.5888214111328,0.0015468362073756126
2014-10-15,153.54290771484375,-0.006765778319167248
2014-10-16,153.41111755371094,-0.0008583278973560704
2014-10-17,155.2229766845703,0.01181048127248685
2014-10-20,156.73019409179688,0.009710014840711212
2014-10-21,159.83517456054688,0.019810991026600888
2014-10-22,158.69857788085938,-0.0071110547650883316
2014-10-23,160.54344177246094,0.01162495541066888
2014-10-24,161.77883911132812,0.007695096886100927
2014-10-27,161.55653381347656,-0.0013741308756616277
2014-10-28,163.40957641601562,0.011469932900878277
2014-10-29,163.16249084472656,-0.0015120629813030195
2014-10-30,164.20848083496094,0.0064107258035781545
2014-10-31,166.0862579345703,0.01143532349889198
2014-11-03,166.17681884765625,0.0005452643356056441
2014-11-04,165.60028076171875,-0.0034694254585896367
2014-11-05,166.64630126953125,0.006316538251028847
2014-11-06,167.3134002685547,0.004003083140408092
2014-11-07,167.46987915039062,0.0009352441680390289
2014-11-10,167.99700927734375,0.003147611556342911
2014-11-11,168.1616973876953,0.0009803038224309724
2014-11-12,167.9805145263672,-0.001077432400735212
2014-11-13,168.169921875,0.0011275554737217863
2014-11-14,168.21112060546875,0.00024498275321427343
2014-11-17,168.3181915283203,0.0006365270171566628
2014-11-18,169.2900390625,0.005773871055501312
2014-11-19,169.01828002929688,-0.0016052866117113318
2014-11-20,169.3147735595703,0.001754209841811516
2014-11-21,170.22067260742188,0.005350383955318838
2014-11-24,170.69834899902344,0.002806218447410469
2014-11-25,170.57485961914062,-0.0007234362875033762
2014-11-26,171.01136779785156,0.002559041699847109
2014-11-28,170.64895629882812,-0.0021192246088098665
2014-12-01,169.4630584716797,-0.006949341225807371
2014-12-02,170.5583953857422,0.006463573382546661
2014-12-03,171.2172393798828,0.003862864637361074
2014-12-04,171.02784729003906,-0.0011061508206164916
2014-12-05,171.3078155517578,0.0016369747158424541
2014-12-08,170.16307067871094,-0.00668238556051759
2014-12-09,170.0477294921875,-0.0006778273691429026
2014-12-10,167.32164001464844,-0.016031319475302452
2014-12-11,168.169921875,0.005069767785429891
2014-12-12,165.4520263671875,-0.01616160296389213
2014-12-15,164.3155059814453,-0.006869183839549375
2014-12-16,162.9977264404297,-0.008019812452541353
2014-12-17,166.19329833984375,0.019605009034171728
2014-12-18,170.30303955078125,0.024728681914318873
2014-12-19,171.02772521972656,0.004255271490496426
2014-12-22,171.81443786621094,0.004599912940861817
2014-12-23,172.04627990722656,0.0013493746153985242
2014-12-24,172.0628662109375,9.640605841565453e-05
2014-12-26,172.61770629882812,0.003224635856120317
2014-12-29,172.84957885742188,0.0013432721565211914
2014-12-30,171.92205810546875,-0.0053660573435253545
2014-12-31,170.21612548828125,-0.009922709371830374
2015-01-02,170.12496948242188,-0.0005355309645187489
2015-01-05,167.05259704589844,-0.01805950323383243
2015-01-06,165.47909545898438,-0.009419198592175992
2015-01-07,167.54119873046875,0.012461412517180914
2015-01-08,170.51419067382812,0.01774484106528429
2015-01-09,169.14781188964844,-0.008013284869605952
2015-01-12,167.82276916503906,-0.00783363798683856
2015-01-13,167.35069274902344,-0.0028129461715137305
2015-01-14,166.34042358398438,-0.0060368388588278865
2015-01-15,164.81658935546875,-0.009160937526086377
2015-01-16,166.97805786132812,0.013114386812104417
2015-01-20,167.33416748046875,0.0021326731410205024
2015-01-21,168.1788787841797,0.005048050355941358
2015-01-22,170.6798553466797,0.014870931359397765
2015-01-23,169.74404907226562,-0.005482816191244577
2015-01-26,170.1416015625,0.0023420702664227466
2015-01-27,167.8972625732422,-0.013191006600660082
2015-01-28,165.744140625,-0.012824044390258749
2015-01-29,167.27626037597656,0.009243884852877082
2015-01-30,165.17269897460938,-0.0125753731978413
2015-02-02,167.2182159423828,0.01238411057318789
2015-02-03,169.63641357421875,0.014461328977873888
2015-02-04,168.99046325683594,-0.0038078517682184065
2015-02-05,170.69642639160156,0.010095026085423786
2015-02-06,170.224365234375,-0.002765501113324964
2015-02-09,169.46249389648438,-0.004475689110907455
2015-02-10,171.26783752441406,0.010653352174980313
2015-02-11,171.3672332763672,0.0005803527001324582
2015-02-12,173.01519775390625,0.009616566983265518
2015-02-13,173.7274169921875,0.004116512581133547
2015-02-17,174.00067138671875,0.0015728915980115499
2015-02-18,174.01724243164062,9.523552288515091e-05
2015-02-19,173.8930206298828,-0.0007138476625763168
2015-02-20,174.93653869628906,0.0060009197760000355
2015-02-23,174.91171264648438,-0.00014191460508883313
2015-02-24,175.4085693359375,0.0028406141700603182
2015-02-25,175.25950622558594,-0.000849805177226437
2015-02-26,175.05245971679688,-0.0011813710608231665
2015-02-27,174.4561767578125,-0.0034063100852684824
2015-03-02,175.5576171875,0.006313565103610808
2015-03-03,174.83714294433594,-0.00410391901363405
2015-03-04,174.1000213623047,-0.0042160468285959984
2015-03-05,174.2905731201172,0.0010944958898997381
2015-03-06,171.83921813964844,-0.014064759422067752
2015-03-09,172.55149841308594,0.004145039072853907
2015-03-10,169.7523193359375,-0.01622228206009102
2015-03-11,169.35482788085938,-0.002341596607534413
2015-03-12,171.5080108642578,0.012714033667308167
2015-03-13,170.4562530517578,-0.006132412166638845
2015-03-16,172.73365783691406,0.013360640893970155
2015-03-17,172.22018432617188,-0.00297263149042426
2015-03-18,174.2905731201172,0.01202175460469923
2015-03-19,173.49554443359375,-0.004561512836242287
2015-03-20,175.02694702148438,0.008826754559548844
2015-03-23,174.6859588623047,-0.0019482037765180538
2015-03-24,173.704345703125,-0.0056193020067139
2015-03-25,171.158935546875,-0.014653693008926272
2015-03-26,170.75131225585938,-0.0023815484112075236
2015-03-27,171.14227294921875,0.0022896497145130645
2015-03-30,173.2301788330078,0.012199825605965664
2015-03-31,171.7161865234375,-0.008739772248516742
2015-04-01,171.1090087890625,-0.003535937681053314
2015-04-02,171.72454833984375,0.0035973532611603964
2015-04-06,172.88084411621094,0.006733433207690709
2015-04-07,172.4232940673828,-0.002646620862867599
2015-04-08,173.00558471679688,0.003377099669529038
2015-04-09,173.77088928222656,0.004423583011395005
2015-04-10,174.71917724609375,0.005457116366177184
2015-04-13,173.92889404296875,-0.004523162343031628
2015-04-14,174.2616729736328,0.0019133044713195435
2015-04-15,175.04356384277344,0.004486878013956197
2015-04-16,174.99366760253906,-0.0002850504133884435
2015-04-17,172.98062133789062,-0.01150353776926738
2015-04-20,174.56114196777344,0.009136980880624312
2015-04-21,174.35316467285156,-0.0011914295047420476
2015-04-22,175.2099609375,0.004914142317153258
2015-04-23,175.65084838867188,0.002516337820137604
2015-04-24,176.05841064453125,0.002320297679163641
2015-04-27,175.326416015625,-0.004157680546055698
2015-04-28,175.88372802734375,0.0031787110258905127
2015-04-29,175.16006469726562,-0.00411444161546104
2015-04-30,173.4048614501953,-0.010020567474120834
2015-05-01,175.2848358154297,0.010841532062665582
2015-05-04,175.78390502929688,0.0028471898983475352
2015-05-05,173.77088928222656,-0.011451649949037246
2015-05-06,173.0554656982422,-0.004117050830202307
2015-05-07,173.74594116210938,0.003989908443985168
2015-05-08,176.033447265625,0.013165810310246773
2015-05-11,175.1933135986328,-0.0047725797570985495
2015-05-12,174.66925048828125,-0.0029913419615555936
2015-05-13,174.7025146484375,0.00019044084784969328
2015-05-14,176.5242919921875,0.010427882777852782
2015-05-15,176.71556091308594,0.0010835274779457116
2015-05-18,177.26463317871094,0.0031070963009027786
2015-05-19,177.20635986328125,-0.0003287362762933732
2015-05-20,177.08160400390625,-0.0007040145707595258
2015-05-21,177.59738159179688,0.0029126548225713034
2015-05-22,177.17303466796875,-0.002389376014582667
2015-05-26,175.2681884765625,-0.01075133241904458
2015-05-27,176.93182373046875,0.00949194071306736
2015-05-28,176.7322235107422,-0.0011281193824725921
2015-05-29,175.63427734375,-0.006212484317696942
2015-06-01,175.9918670654297,0.0020359905087308228
2015-06-02,175.81727600097656,-0.000992040526442195
2015-06-03,176.28305053710938,0.002649196636002049
2015-06-04,174.79408264160156,-0.00844646091028678
2015-06-05,174.49462890625,-0.0017131800506402506
2015-06-08,173.42149353027344,-0.006149962223496952
2015-06-09,173.3965301513672,-0.00014394628023362
2015-06-10,175.4761505126953,0.011993437005415997
2015-06-11,176.04180908203125,0.003223563815841768
2015-06-12,174.69424438476562,-0.007654799188286487
2015-06-15,173.94557189941406,-0.004285616208984044
2015-06-16,174.8938751220703,0.005451723848449719
2015-06-17,175.1766815185547,0.0016170171556149082
2015-06-18,176.99839782714844,0.010399308245834016
2015-06-19,176.212646484375,-0.0044393133068966195
2015-06-22,177.1154022216797,0.005123104131942835
2015-06-23,177.2408447265625,0.0007082529430491036
2015-06-24,175.95355224609375,-0.007262956134375886
2015-06-25,175.41860961914062,-0.0030402490891739964
2015-06-26,175.38511657714844,-0.00019093209132658995
2015-06-29,171.70724487304688,-0.020970261193649975
2015-06-30,172.06671142578125,0.00209348506523499
2015-07-01,173.4459228515625,0.008015562187205338
2015-07-02,173.28709411621094,-0.0009157248134767926
2015-07-06,172.7938995361328,-0.0028461125890159034
2015-07-07,173.880615234375,0.0062890860218993705
2015-07-08,170.9633331298828,-0.01677750047387372
2015-07-09,171.2726287841797,0.0018091344420729794
2015-07-10,173.42916870117188,0.012591270025461121
2015-07-13,175.34335327148438,0.011037270054674364
2015-07-14,176.10403442382812,0.004338237738421569
2015-07-15,176.04554748535156,-0.0003321158352102005
2015-07-16,177.4581298828125,0.008023959808347136
2015-07-17,177.60858154296875,0.0008478149761614873
2015-07-20,177.7005615234375,0.0005178802717169528
2015-07-21,176.99839782714844,-0.003951387042727239
2015-07-22,176.6807403564453,-0.001794691220952993
2015-07-23,175.68606567382812,-0.005629785570348433
2015-07-24,173.8638458251953,-0.01037202262822523
2015-07-27,172.85243225097656,-0.00581727367997853
2015-07-28,174.97555541992188,0.012282865455214509
2015-07-29,176.17921447753906,0.006879012641100246
2015-07-30,176.2210693359375,0.00023756978666611417
2015-07-31,175.95355224609375,-0.0015180766457260075
2015-08-03,175.3600616455078,-0.003372995844698079
2015-08-04,175.01736450195312,-0.0019542485349226535
2015-08-05,175.59414672851562,0.0032955714320339613
2015-08-06,174.1564178466797,-0.008187795029744316
2015-08-07,173.82203674316406,-0.0019200044859098986
2015-08-10,176.01206970214844,0.01259928257669829
2015-08-11,174.4238739013672,-0.009023220984042957
2015-08-12,174.63284301757812,0.0011980534059752301
2015-08-13,174.41554260253906,-0.0012443273057015647
2015-08-14,175.05079650878906,0.003642186337129427
2015-08-17,176.02874755859375,0.00558667009410363
2015-08-18,175.51889038085938,-0.002896442682265077
2015-08-19,174.13133239746094,-0.007905462371529226
2015-08-20,170.49520874023438,-0.020881501376943334
2015-08-21,165.36289978027344,-0.030102364740234422
2015-08-24,158.39999389648438,-0.042106820169705794
2015-08-25,156.5359649658203,-0.011767859864200592
2015-08-26,162.5459747314453,0.03839379510604668
2015-08-27,166.5665740966797,0.024735151835516778
2015-08-28,166.57492065429688,5.010943919847577e-05
2015-08-31,165.22914123535156,-0.008079123878067418
2015-09-01,160.29745483398438,-0.029847558151636977
2015-09-02,163.34007263183594,0.018981073660855774
2015-09-03,163.4570770263672,0.0007163238796579208
2015-09-04,160.9828643798828,-0.015136772854963398
2015-09-08,165.02857971191406,0.025131341448144884
2015-09-09,162.82183837890625,-0.013371873749747243
2015-09-10,163.70787048339844,0.005441727678017427
2015-09-11,164.45176696777344,0.004544048384347077
2015-09-14,163.84156799316406,-0.0037105042156765355
2015-09-15,165.8895721435547,0.012499905704491665
2015-09-16,167.3271942138672,0.008666138876218366
2015-09-17,166.9511260986328,-0.002247501471600022
2015-09-18,164.2228546142578,-0.016341737537985623
2015-09-21,165.07156372070312,0.005168032844385939
2015-09-22,162.92889404296875,-0.012980247048242188
2015-09-23,162.66848754882812,-0.0015982830772296452
2015-09-24,162.08026123046875,-0.0036161049212608543
2015-09-25,162.03826904296875,-0.0002590826741097896
2015-09-28,157.97157287597656,-0.025097134096845997
2015-09-29,158.06399536132812,0.0005850577016417446
2015-09-30,161.01319885253906,0.0186582876414656
2015-10-01,161.4333038330078,0.002609133806809716
2015-10-02,163.84474182128906,0.014937673522284589
2015-10-05,166.76039123535156,0.017795196731077878
2015-10-06,166.18894958496094,-0.003426722893592471
2015-10-07,167.55015563964844,0.00819071339031252
2015-10-08,169.0625762939453,0.009026674123476575
2015-10-09,169.1634063720703,0.000596406847306552
2015-10-12,169.3230438232422,0.0009436878494912815
2015-10-13,168.25592041015625,-0.006302292877512383
2015-10-14,167.44935607910156,-0.0047936757832267585
2015-10-15,170.02049255371094,0.015354711029135215
2015-10-16,170.79345703125,0.004546301836497069
2015-10-19,170.8774871826172,0.0004919986563174383
2015-10-20,170.65899658203125,-0.001278638890285344
2015-10-21,169.60031127929688,-0.006203512993383176
2015-10-22,172.4654998779297,0.016893769693113514
2015-10-23,174.35606384277344,0.01096198350500166
2015-10-26,173.92752075195312,-0.0024578616962055433
2015-10-27,173.59136962890625,-0.0019327080705432431
2015-10-28,175.56594848632812,0.01137486766561624
2015-10-29,175.465087890625,-0.0005744883707388126
2015-10-30,174.70892333984375,-0.004309487202676987
2015-11-02,176.77587890625,0.011830852865972963
2015-11-03,177.28843688964844,0.002899479196877719
2015-11-04,176.7506561279297,-0.0030333662541877082
2015-11-05,176.57421875,-0.0009982275698143805
2015-11-06,176.4818115234375,-0.0005233336282990386
2015-11-09,174.83497619628906,-0.009331473384891709
2015-11-10,175.2382049560547,0.0023063392036208885
2015-11-11,174.54930114746094,-0.0039312420985281316
2015-11-12,172.1125946044922,-0.013959990254616916
2015-11-13,170.1800994873047,-0.011228086600102105
2015-11-16,172.7680206298828,0.015206955163233893
2015-11-17,172.64195251464844,-0.0007296958938045606
2015-11-18,175.38108825683594,0.015865991448139383
2015-11-19,175.2298583984375,-0.0008622928498251969
2015-11-20,175.86839294433594,0.00364398254803433
2015-11-23,175.6667938232422,-0.001146306722422552
2015-11-24,175.9020538330078,0.0013392400728982068
2015-11-25,175.87686157226562,-0.00014321754745461046
2015-11-27,176.0784912109375,0.0011464250434616297
2015-11-30,175.34750366210938,-0.004151486895423329
2015-12-01,177.0195770263672,0.009535769425493834
2015-12-02,175.21302795410156,-0.010205363172891002
2015-12-03,172.75955200195312,-0.01400281691833527
2015-12-04,176.1289520263672,0.019503407975820508
2015-12-07,175.0618133544922,-0.006058848699191932
2015-12-08,173.8854217529297,-0.006719864138390763
2015-12-09,172.53273010253906,-0.007779212522557755
2015-12-10,172.97805786132812,0.0025811204547936395
2015-12-11,169.6255645751953,-0.019381032066046244
2015-12-14,170.4825439453125,0.005052182860899368
2015-12-15,172.27224731445312,0.010497868742002758
2015-12-16,174.7929229736328,0.014631931135016929
2015-12-17,172.12940979003906,-0.015238106545054642
2015-12-18,169.06295776367188,-0.017814805907413467
2015-12-21,170.4575958251953,0.008249223129486172
2015-12-22,172.0043182373047,0.009073942434900673
2015-12-23,174.1343231201172,0.012383438419690362
2015-12-24,173.84690856933594,-0.001650533597463144
2015-12-28,173.44967651367188,-0.0022849532323183652
2015-12-29,175.30072021484375,0.010671935159394685
2015-12-30,174.05824279785156,-0.007087691456540757
2015-12-31,172.31704711914062,-0.010003523250163626
2016-01-04,169.90814208984375,-0.013979493437067503
2016-01-05,170.195556640625,0.001691587861806454
2016-01-06,168.0486297607422,-0.01261447080205591
2016-01-07,164.0168914794922,-0.023991497502777293
2016-01-08,162.21653747558594,-0.010976637757650454
2016-01-11,162.37716674804688,0.0009902151467455766
2016-01-12,163.68728637695312,0.008068373498221648
2016-01-13,159.6047821044922,-0.024940875756589875
2016-01-14,162.2250213623047,0.016417047304366106
2016-01-15,158.74258422851562,-0.021466707814521202
2016-01-19,158.95396423339844,0.0013315897930610276
2016-01-20,156.91697692871094,-0.01281495126284804
2016-01-21,157.7960205078125,0.005601966060695407
2016-01-22,161.03321838378906,0.020515079312892315
2016-01-25,158.59901428222656,-0.015116161286431451
2016-01-26,160.76275634765625,0.013642846869018399
2016-01-27,159.01315307617188,-0.010883138055314157
2016-01-28,159.84144592285156,0.005208958068285696
2016-01-29,163.73794555664062,0.02437727969296355
2016-02-01,163.67880249023438,-0.00036120562161190417
2016-02-02,160.72894287109375,-0.018022245851393115
2016-02-03,161.6925048828125,0.005994950221824835
2016-02-04,161.94610595703125,0.0015684157679574096
2016-02-05,158.8609619140625,-0.019050436716195662
2016-02-08,156.7225799560547,-0.013460713898765131
2016-02-09,156.73101806640625,5.384106332306793e-05
2016-02-10,156.5957794189453,-0.0008628709819497038
2016-02-11,154.55874633789062,-0.013008224669995405
2016-02-12,157.74533081054688,0.020617302793656478
2016-02-16,160.40774536132812,0.01687792936311272
2016-02-17,163.02796936035156,0.01633477232113223
2016-02-18,162.3602752685547,-0.004095580006403865
2016-02-19,162.2841796875,-0.0004686834937229767
2016-02-22,164.63385009765625,0.014478739792633144
2016-02-23,162.55467224121094,-0.012629103038117595
2016-02-24,163.2984161376953,0.004575346166493244
2016-02-25,165.27630615234375,0.01211212001579165
2016-02-26,164.89593505859375,-0.002301425428756776
2016-02-29,163.60272216796875,-0.007842600183961324
2016-03-01,167.44851684570312,0.023506911295680943
2016-03-02,168.2007598876953,0.004492384024430418
2016-03-03,168.86004638671875,0.0039196404312538125
2016-03-04,169.40951538085938,0.0032539905436377303
2016-03-07,169.5446319580078,0.0007975737185994536
2016-03-08,167.69363403320312,-0.010917467002217629
2016-03-09,168.52194213867188,0.004939412937432941
2016-03-10,168.65721130371094,0.0008026798369540344
2016-03-11,171.3788299560547,0.01613698359711857
2016-03-14,171.1590576171875,-0.0012823774028772883
2016-03-15,170.88011169433594,-0.00162974677901917
2016-03-16,171.8690643310547,0.0057874063102658635
2016-03-17,172.95944213867188,0.006344235432136358
2016-03-18,173.6390838623047,0.003929486099335966
2016-03-21,173.8854522705078,0.0014188534212637993
2016-03-22,173.7920379638672,-0.0005372174924404005
2016-03-23,172.6450653076172,-0.00659968471333805
2016-03-24,172.56858825683594,-0.00044297270034898695
2016-03-28,172.6705780029297,0.000591009911618201
2016-03-29,174.26780700683594,0.009250151487181224
2016-03-30,175.03245544433594,0.004387777930033865
2016-03-31,174.60765075683594,-0.0024270052455219737
2016-04-01,175.7970428466797,0.006811798249895418
2016-04-04,175.22787475585938,-0.0032376431457763477
2016-04-05,173.47767639160156,-0.009988127555026982
2016-04-06,175.3722686767578,0.010921245456847473
2016-04-07,173.27381896972656,-0.011965687179990026
2016-04-08,173.74102783203125,0.00269636154545827
2016-04-11,173.33328247070312,-0.0023468570804261457
2016-04-12,174.94749450683594,0.009312764479641356
2016-04-13,176.71469116210938,0.010101297307829604
2016-04-14,176.7230987548828,4.757721453807484e-05
2016-04-15,176.5277099609375,-0.0011056211402015181
2016-04-18,177.76809692382812,0.00702658502262965
2016-04-19,178.32882690429688,0.003154277905720093
2016-04-20,178.49874877929688,0.0009528570223320543
2016-04-21,177.53868103027344,-0.005378568508681791
2016-04-22,177.53868103027344,0.0
2016-04-25,177.2328338623047,-0.001722707221850972
2016-04-26,177.49624633789062,0.0014862509945001712
2016-04-27,177.8615264892578,0.002057959866214931
2016-04-28,176.2473602294922,-0.009075409908073095
2016-04-29,175.2957763671875,-0.005399138239946533
2016-05-02,176.68907165527344,0.007948253614322276
2016-05-03,175.15138244628906,-0.008702797488146063
2016-05-04,174.17431640625,-0.00557840895340167
2016-05-05,174.1403045654297,-0.00019527471972957677
2016-05-06,174.77755737304688,0.003659421689926834
2016-05-09,174.92198181152344,0.0008263328578754781
2016-05-10,177.09693908691406,0.012433870533973934
2016-05-11,175.44021606445312,-0.00935489360235564
2016-05-12,175.49119567871094,0.00029058111875035486
2016-05-13,173.96194458007812,-0.008714118635515855
2016-05-16,175.67816162109375,0.009865473998686092
2016-05-17,174.0384063720703,-0.009333859336256523
2016-05-18,174.08934020996094,0.0002926586088229932
2016-05-19,173.4861602783203,-0.0034647723456999735
2016-05-20,174.58213806152344,0.006317378754852054
2016-05-23,174.34426879882812,-0.00136250629839052
2016-05-24,176.60415649414062,0.012962213847821591
2016-05-25,177.8020782470703,0.006783089235894879
2016-05-26,177.85302734375,0.00028654950033191184
2016-05-27,178.6177215576172,0.004299585029774011
2016-05-31,178.27781677246094,-0.0019029734686577537
2016-06-01,178.6431884765625,0.0020494513042410567
2016-06-02,179.1869659423828,0.0030439305884402135
2016-06-03,178.65164184570312,-0.0029875169427882042
2016-06-06,179.5607452392578,0.005088693191747096
2016-06-07,179.84112548828125,0.0015614785327930925
2016-06-08,180.42733764648438,0.0032596112630607355
2016-06-09,180.180908203125,-0.0013658098965146914
2016-06-10,178.4732666015625,-0.00947737259508874
2016-06-13,177.09693908691406,-0.007711673243035677
2016-06-14,176.74853515625,-0.001967306337762764
2016-06-15,176.50221252441406,-0.0013936332293683629
2016-06-16,177.0289764404297,0.0029844606958837616
2016-06-17,176.3696746826172,-0.0037242589945966076
2016-06-20,177.5054931640625,0.006439987392896418
2016-06-21,178.00936889648438,0.0028386486718816606
2016-06-22,177.71900939941406,-0.0016311472753951506
2016-06-23,180.03338623046875,0.013022674607943818
2016-06-24,173.56854248046875,-0.035909138217975145
2016-06-27,170.45989990234375,-0.017910172740401964
2016-06-28,173.5343780517578,0.01803637190433305
2016-06-29,176.4892578125,0.017027633336495818
2016-06-30,178.8975372314453,0.013645473094480609
2016-07-01,179.27328491210938,0.0021003513322710443
2016-07-05,177.98374938964844,-0.007193127091374207
2016-07-06,179.05128479003906,0.005997937474918169
2016-07-07,178.9402313232422,-0.0006202327278863606
2016-07-08,181.6046905517578,0.014890218978774517
2016-07-11,182.24525451660156,0.0035272435028939064
2016-07-12,183.56895446777344,0.007263288993082151
2016-07-13,183.54335021972656,-0.00013948027389010242
2016-07-14,184.56813049316406,0.005583314634993286
2016-07-15,184.3204803466797,-0.0013417817356802253
2016-07-18,184.81578063964844,0.002687169065733519
2016-07-19,184.62794494628906,-0.0010163401237127667
2016-07-20,185.3965301513672,0.0041628866383240926
2016-07-21,184.69625854492188,-0.003777155947166766
2016-07-22,185.5246124267578,0.004484952149880428
2016-07-25,185.020751953125,-0.0027158686227237716
2016-07-26,185.1061553955078,0.00046158845146426764
2016-07-27,184.9097442626953,-0.0010610729415930775
2016-07-28,185.12322998046875,0.0011545401169887892
2016-07-29,185.42218017578125,0.0016148713229779954
2016-08-01,185.2684326171875,-0.0008291756598266531
2016-08-02,184.0813751220703,-0.006407230192150171
2016-08-03,184.61941528320312,0.0029228386672797146
2016-08-04,184.81578063964844,0.0010636224589060106
2016-08-05,186.32736206054688,0.008178854725861884
2016-08-08,186.21641540527344,-0.000595439413978216
2016-08-09,186.32736206054688,0.0005957941733116812
2016-08-10,185.8662567138672,-0.0024747054945685187
2016-08-11,186.72874450683594,0.004640367801114653
2016-08-12,186.56655883789062,-0.0008685629487503732
2016-08-15,187.1045379638672,0.0028835774713731332
2016-08-16,186.13951110839844,-0.005157688135042027
2016-08-17,186.4896240234375,0.0018809167003515093
2016-08-18,186.90811157226562,0.0022440259130744877
2016-08-19,186.63485717773438,-0.001461971833285558
2016-08-22,186.62631225585938,-4.578416917511152e-05
2016-08-23,187.00210571289062,0.002013614546034992
2016-08-24,186.04556274414062,-0.005115145442365243
2016-08-25,185.91748046875,-0.0006884457414702005
2016-08-26,185.56732177734375,-0.0018834091905903794
2016-08-29,186.4811248779297,0.004924375109979673
2016-08-30,186.17367553710938,-0.0016486887936866257
2016-08-31,185.6442108154297,-0.0028439290364342673
2016-09-01,185.65269470214844,4.5699710653490655e-05
2016-09-02,186.4896240234375,0.004508037562459322
2016-09-06,187.0532989501953,0.003022553826839136
2016-09-07,187.03623962402344,-9.120034913912001e-05
2016-09-08,186.60928344726562,-0.0022827457267964313
2016-09-09,182.1427764892578,-0.02393507372997339
2016-09-12,184.75601196289062,0.01434718150234704
2016-09-13,182.10006713867188,-0.01437541758994132
2016-09-14,182.0316925048828,-0.00037547835573825683
2016-09-15,183.85076904296875,0.009993185873592658
2016-09-16,183.14007568359375,-0.003865599056639746
2016-09-19,183.1743927001953,0.00018738125161021912
2016-09-20,183.18296813964844,4.6815711119307934e-05
2016-09-21,185.24298095703125,0.01124565694236579
2016-09-22,186.4102783203125,0.006301439100421469
2016-09-23,185.388916015625,-0.005479109381149483
2016-09-26,183.8867950439453,-0.008102539266981235
2016-09-27,185.02842712402344,0.006208341821419605
2016-09-28,185.94674682617188,0.004963127647044763
2016-09-29,184.26446533203125,-0.009047114417727764
2016-09-30,185.6549530029297,0.00754615203963982
2016-10-03,185.20864868164062,-0.002403945136233543
2016-10-04,184.26446533203125,-0.005097944163678592
2016-10-05,185.0799102783203,0.004425405326087706
2016-10-06,185.20864868164062,0.0006955828059713731
2016-10-07,184.573486328125,-0.0034294421887792748
2016-10-10,185.53480529785156,0.005208326444122058
2016-10-11,183.19155883789062,-0.012629686684388797
2016-10-12,183.43191528320312,0.0013120497845928725
2016-10-13,182.8310546875,-0.0032756600440847494
2016-10-14,182.9254608154297,0.0005163571806279244
2016-10-17,182.290283203125,-0.00347233025666982
2016-10-18,183.43191528320312,0.006262714940247216
2016-10-19,183.92117309570312,0.0026672447471565164
2016-10-20,183.5778350830078,-0.001866767196600394
2016-10-21,183.66366577148438,0.0004675438537433685
2016-10-24,184.44471740722656,0.004252619223630072
2016-10-25,183.8267059326172,-0.0033506596626722285
2016-10-26,183.45767211914062,-0.0020075092550035922
2016-10-27,182.9684295654297,-0.00266678710167656
2016-10-28,182.42767333984375,-0.0029554619169563923
2016-10-31,182.43629455566406,4.7258267687588784e-05
2016-11-01,181.11444091796875,-0.0072455628465529776
2016-11-02,180.02439880371094,-0.0060185267874444115
2016-11-03,179.20037841796875,-0.0045772705878643904
2016-11-04,179.0029754638672,-0.0011015766587341158
2016-11-07,182.95126342773438,0.02205710800971672
2016-11-08,183.77520751953125,0.004503626137145167
2016-11-09,185.7236328125,0.010602220611078295
2016-11-10,186.18716430664062,0.002495813199005159
2016-11-11,185.75799560546875,-0.00230503914042679
2016-11-14,185.90391540527344,0.0007855371141849421
2016-11-15,187.3544464111328,0.007802584484017938
2016-11-16,187.0025634765625,-0.0018781669787443223
2016-11-17,187.96383666992188,0.005140427893010502
2016-11-18,187.54327392578125,-0.0022374662679351953
2016-11-21,188.9595184326172,0.007551561179402366
2016-11-22,189.32859802246094,0.001953220419406154
2016-11-23,189.4315948486328,0.0005440109272856208
2016-11-25,190.13543701171875,0.003715547892886306
2016-11-28,189.2427215576172,-0.0046951555592792404
2016-11-29,189.61181640625,0.0019503780414638072
2016-11-30,189.1569061279297,-0.0023991662911221345
2016-12-01,188.46170043945312,-0.0036752857863217026
2016-12-02,188.5560760498047,0.0005007681143249787
2016-12-05,189.68910217285156,0.006008961083532549
2016-12-06,190.28990173339844,0.0031672855934516964
2016-12-07,192.77899169921875,0.013080515272468896
2016-12-08,193.25112915039062,0.0024491125667287506
2016-12-09,194.41839599609375,0.006040155371070277
2016-12-12,194.19528198242188,-0.001147597234967157
2016-12-13,195.49130249023438,0.006673800179809897
2016-12-14,193.87765502929688,-0.008254318429425367
2016-12-15,194.6759033203125,0.004117278450139095
2016-12-16,194.29518127441406,-0.0019556711406240046
2016-12-19,194.71826171875,0.0021775138300439423
2016-12-20,195.46937561035156,0.0038574393843269217
2016-12-21,194.92544555664062,-0.002782686812256463
2016-12-22,194.58877563476562,-0.0017271727706641427
2016-12-23,194.87364196777344,0.0014639402096989773
2016-12-27,195.35711669921875,0.0024809652375936686
2016-12-28,193.74261474609375,-0.008264362109780543
2016-12-29,193.69943237304688,-0.0002228852599283071
2016-12-30,192.9915008544922,-0.0036547939758092562
2017-01-03,194.46788024902344,0.007649971050509574
2017-01-04,195.62478637695312,0.005949085918189878
2017-01-05,195.46937561035156,-0.0007944329012689044
2017-01-06,196.16873168945312,0.0035778294012442924
2017-01-09,195.52117919921875,-0.003300997486487711
2017-01-10,195.52117919921875,0.0
2017-01-11,196.0737762451172,0.002826277174481362
2017-01-12,195.58164978027344,-0.0025099045587234636
2017-01-13,196.0305633544922,0.0022952745041422418
2017-01-17,195.3398895263672,-0.00352329665489981
2017-01-18,195.77154541015625,0.002209768239532117
2017-01-19,195.0463104248047,-0.003704496400802948
2017-01-20,195.7629852294922,0.003674382781845953
2017-01-23,195.2534942626953,-0.002602590914720704
2017-01-24,196.50546264648438,0.006412015254921188
2017-01-25,198.206298828125,0.0086554142502413
2017-01-26,197.99911499023438,-0.0010452939140460638
2017-01-27,197.68832397460938,-0.0015696586100414356
2017-01-30,196.46226501464844,-0.006201979638000288
2017-01-31,196.44493103027344,-8.823060435403374e-05
2017-02-01,196.52272033691406,0.0003959853086188403
2017-02-02,196.65223693847656,0.0006590413634639525
2017-02-03,198.00772094726562,0.0068927973049863756
2017-02-06,197.6536865234375,-0.001787982923769027
2017-02-07,197.66232299804688,4.3694983692388334e-05
2017-02-08,197.92137145996094,0.001310560646990977
2017-02-09,199.0955810546875,0.005932707448746077
2017-02-10,199.8812713623047,0.003946297067243254
2017-02-13,200.96913146972656,0.005442531458837996
2017-02-14,201.77206420898438,0.003995303822959428
2017-02-15,202.82540893554688,0.005220468604967499
2017-02-16,202.65274047851562,-0.00085131571008501
2017-02-17,202.97215270996094,0.0015761554997533178
2017-02-21,204.1808624267578,0.005955051964808611
2017-02-22,203.9995574951172,-0.000887962414722665
2017-02-23,204.13771057128906,0.0006772224306181851
2017-02-24,204.396728515625,0.0012688392733075649
2017-02-27,204.7161865234375,0.0015629311199474305
2017-02-28,204.1636199951172,-0.0026991833801918164
2017-03-01,207.02142333984375,0.013997613016436983
2017-03-02,205.7176971435547,-0.006297542424625657
2017-03-03,205.84722900390625,0.0006296583237619391
2017-03-06,205.23423767089844,-0.0029778945093119624
2017-03-07,204.6211395263672,-0.0029873092885913666
2017-03-08,204.24134826660156,-0.0018560704951831042
2017-03-09,204.50035095214844,0.0012681207196536537
2017-03-10,205.2169647216797,0.003504217798134368
2017-03-13,205.32052612304688,0.0005046434709121694
2017-03-14,204.53485107421875,-0.0038265781978236157
2017-03-15,206.3048095703125,0.008653579019897606
2017-03-16,205.89898681640625,-0.001967102728974157
2017-03-17,205.53736877441406,-0.0017562885936618367
2017-03-20,205.3119354248047,-0.0010967998225996922
2017-03-21,202.67587280273438,-0.01283930530690347
2017-03-22,203.1527557373047,0.002352933913522426
2017-03-23,202.93603515625,-0.0010667863217909135
2017-03-24,202.78858947753906,-0.0007265623308221336
2017-03-27,202.58047485351562,-0.001026263975500874
2017-03-28,204.05459594726562,0.007276718522927439
2017-03-29,204.2454071044922,0.0009350985521339172
2017-03-30,204.89573669433594,0.0031840597987646824
2017-03-31,204.41880798339844,-0.00232766537084661
2017-04-03,204.0632781982422,-0.0017392224749942509
2017-04-04,204.19337463378906,0.0006375298715943778
2017-04-05,203.5863494873047,-0.0029727955060885325
2017-04-06,204.1586456298828,0.002811073257216634
2017-04-07,203.95057678222656,-0.001019152762374076
2017-04-10,204.072021484375,0.0005954614302372541
2017-04-11,203.82916259765625,-0.0011900645906883778
2017-04-12,202.93603515625,-0.004381745134130921
2017-04-13,201.61801147460938,-0.006494773984451863
2017-04-17,203.40423583984375,0.00885944838048025
2017-04-18,202.79727172851562,-0.0029840288665671233
2017-04-19,202.42442321777344,-0.0018385282383942547
2017-04-20,204.072021484375,0.008139325484598503
2017-04-21,203.4215850830078,-0.003187288471178218
2017-04-24,205.6587677001953,0.01099776415700715
2017-04-25,206.85548400878906,0.005818941355995477
2017-04-26,206.72540283203125,-0.0006288505106892828
2017-04-27,206.8988037109375,0.0008387981183286541
2017-04-28,206.44789123535156,-0.0021793865769079712
2017-05-01,206.96820068359375,0.002520294322837291
2017-05-02,207.0462188720703,0.00037695736938747615
2017-05-03,206.7947235107422,-0.001214682222637098
2017-05-04,207.0375518798828,0.001174248380317211
2017-05-05,207.85264587402344,0.003936937945506314
2017-05-08,207.81797790527344,-0.0001667910870425393
2017-05-09,207.62721252441406,-0.0009179445531238839
2017-05-10,208.00009155273438,0.0017959063447738899
2017-05-11,207.57521057128906,-0.0020426961270716415
2017-05-12,207.2283477783203,-0.0016710222382244622
2017-05-15,208.37295532226562,0.005523412005242312
2017-05-16,208.1821746826172,-0.0009155729415718517
2017-05-17,204.48822021484375,-0.017743855704288936
2017-05-18,205.3119354248047,0.004028179271625021
2017-05-19,206.6473846435547,0.006504488966931454
2017-05-22,207.69659423828125,0.0050772943317736186
2017-05-23,208.1561737060547,0.0022127443613551012
2017-05-24,208.64175415039062,0.0023327698414634668
2017-05-25,209.63897705078125,0.004779594115527974
2017-05-26,209.59556579589844,-0.00020707625792459883
2017-05-30,209.41358947753906,-0.0008682259935621772
2017-05-31,209.36146545410156,-0.0002489046845887133
2017-06-01,211.02638244628906,0.0079523564117987
2017-06-02,211.728759765625,0.003328386295560426
2017-06-05,211.57272338867188,-0.0007369635430058974
2017-06-06,210.89633178710938,-0.0031969697734614
2017-06-07,211.28652954101562,0.0018501874859546685
2017-06-08,211.39060974121094,0.0004926021569922057
2017-06-09,211.0697784423828,-0.0015177178362884014
2017-06-12,211.02638244628906,-0.00020560023521132287
2017-06-13,212.05828857421875,0.004889938954397488
2017-06-14,211.78944396972656,-0.0012677863539302114
2017-06-15,211.38189697265625,-0.0019243026915380934
2017-06-16,211.42811584472656,0.00021865104217644316
2017-06-19,213.1882781982422,0.00832511015142523
2017-06-20,211.75054931640625,-0.006743939648027997
2017-06-21,211.69822692871094,-0.00024709446027049164
2017-06-22,211.60235595703125,-0.0004528662004900097
2017-06-23,211.8551025390625,0.0011944412475377586
2017-06-26,211.99453735351562,0.0006581612280376348
2017-06-27,210.28659057617188,-0.008056560318323802
2017-06-28,212.16871643066406,0.00895028945657117
2017-06-29,210.30406188964844,-0.008788546079671389
2017-06-30,210.69618225097656,0.0018645401225483305
2017-07-03,211.0533905029297,0.0016953712598724024
2017-07-05,211.54135131835938,0.002312025475008417
2017-07-06,209.60694885253906,-0.009144323101676344
2017-07-07,210.9662628173828,0.0064850615510845255
2017-07-10,211.19287109375,0.0010741446207602756
2017-07-11,211.03604125976562,-0.0007425905674380839
2017-07-12,212.62184143066406,0.007514357080582679
2017-07-13,212.97911071777344,0.0016803037952517474
2017-07-14,213.9724884033203,0.0046642024290506345
2017-07-17,213.94631958007812,-0.00012229994349954865
2017-07-18,214.0596160888672,0.0005295557736699763
2017-07-19,215.2185516357422,0.005414078414463175
2017-07-20,215.31439208984375,0.000445316880785418
2017-07-21,215.12274169921875,-0.0008900955888960782
2017-07-24,215.07040405273438,-0.00024329202050410448
2017-07-25,215.59320068359375,0.002430816239742617
2017-07-26,215.6019287109375,4.0483778319888586e-05
2017-07-27,215.40151977539062,-0.000929532201984884
2017-07-28,215.14883422851562,-0.0011730908265572548
2017-07-31,215.0268096923828,-0.0005671633619135363
2017-08-01,215.50611877441406,0.0022290666113540247
2017-08-02,215.61065673828125,0.000485081186843761
2017-08-03,215.1924285888672,-0.001939737839218858
2017-08-04,215.58450317382812,0.001821972025372709
2017-08-07,215.9853057861328,0.0018591438920891878
2017-08-08,215.45379638671875,-0.002460859073164734
2017-08-09,215.44512939453125,-4.022668587344569e-05
2017-08-10,212.40402221679688,-0.014115460332200791
2017-08-11,212.7176971435547,0.0014767843070204734
2017-08-14,214.826416015625,0.009913227250891277
2017-08-15,214.80032348632812,-0.00012145866314217102
2017-08-16,215.17495727539062,0.0017441025366349283
2017-08-17,211.8201904296875,-0.01559087957159222
2017-08-18,211.4890899658203,-0.001563120414515451
2017-08-21,211.65463256835938,0.00078274771793585
2017-08-22,213.86795043945312,0.010457214397983527
2017-08-23,213.10113525390625,-0.0035854609536923876
2017-08-24,212.6044464111328,-0.0023307658224421823
2017-08-25,213.10113525390625,0.0023362109831557287
2017-08-28,213.10984802246094,4.088560365622662e-05
2017-08-29,213.35382080078125,0.0011448216991576388
2017-08-30,214.36456298828125,0.004737399047771262
2017-08-31,215.65423583984375,0.00601625956074181
2017-09-01,215.959228515625,0.0014142670307100147
2017-09-05,214.4081573486328,-0.007182240729666112
2017-09-06,215.1400909423828,0.0034137394901438967
2017-09-07,215.11398315429688,-0.00012135250092892846
2017-09-08,214.86126708984375,-0.0011748007300476093
2017-09-11,217.15296936035156,0.010665962746787327
2017-09-12,217.88490295410156,0.003370589846899197
2017-09-13,217.98951721191406,0.00048013541275282456
2017-09-14,217.91976928710938,-0.00031995999485101567
2017-09-15,218.213134765625,0.0013462086504374415
2017-09-18,218.67724609375,0.002126871641450423
2017-09-19,218.89620971679688,0.0010013095873404598
2017-09-20,218.97496032714844,0.0003597623296147656
2017-09-21,218.3882293701172,-0.0026794431479958414
2017-09-22,218.4320831298828,0.00020080642574971108
2017-09-25,217.98550415039062,-0.002044475212126473
2017-09-26,218.1168212890625,0.0006024122529784126
2017-09-27,218.9661865234375,0.0038940840479668726
2017-09-28,219.2289581298828,0.0012000556369793358
2017-09-29,219.99951171875,0.003514834880575801
2017-10-02,220.9540557861328,0.004338846299818622
2017-10-03,221.42694091796875,0.002140196658320992
2017-10-04,221.6896514892578,0.0011864435745712054
2017-10-05,223.00314331054688,0.005924912653636927
2017-10-06,222.74913024902344,-0.0011390559691336621
2017-10-09,222.3814239501953,-0.001650764240547442
2017-10-10,222.96810913085938,0.0026381932908003947
2017-10-11,223.31837463378906,0.0015709219775645877
2017-10-12,222.98562622070312,-0.001490018067844212
2017-10-13,223.25709533691406,0.0012174287679971307
2017-10-16,223.55482482910156,0.0013335723630114593
2017-10-17,223.7124481201172,0.0007050766680438691
2017-10-18,223.93138122558594,0.0009786362239048163
2017-10-19,223.9927215576172,0.00027392468038889284
2017-10-20,225.1485595703125,0.005160158797383074
2017-10-23,224.27285766601562,-0.0038894404031192265
2017-10-24,224.66696166992188,0.001757252339884774
2017-10-25,223.55482482910156,-0.004950157480004824
2017-10-26,223.84381103515625,0.001292686061576287
2017-10-27,225.67398071289062,0.008176101314889328
2017-10-30,224.8333282470703,-0.0037250748321305815
2017-10-31,225.1836395263672,0.0015580931974281675
2017-11-01,225.48138427734375,0.0013222308317017983
2017-11-02,225.56893920898438,0.0003883022623851762
2017-11-03,226.32203674316406,0.003338657958939839
2017-11-06,226.67227172851562,0.0015475072175539228
2017-11-07,226.5146942138672,-0.0006951777270629567
2017-11-08,226.89996337890625,0.0017008572727530424
2017-11-09,226.07684326171875,-0.003627678492891362
2017-11-10,226.0067596435547,-0.00030999910098239436
2017-11-13,226.21697998046875,0.000930150661182072
2017-11-14,225.69155883789062,-0.0023226423702742416
2017-11-15,224.5618896484375,-0.005005367481486278
2017-11-16,226.47088623046875,0.008500982001086177
2017-11-17,225.80532836914062,-0.0029388230531796067
2017-11-20,226.190673828125,0.0017065383787331356
2017-11-21,227.67056274414062,0.006542661069837585
2017-11-22,227.46917724609375,-0.0008845478116255023
2017-11-24,227.99456787109375,0.002309722272532788
2017-11-27,227.8807373046875,-0.0004992687653444516
2017-11-28,230.19261169433594,0.010145106677258875
2017-11-29,230.0524139404297,-0.00060904541146789
2017-11-30,232.06658935546875,0.008755289199271932
2017-12-01,231.58486938476562,-0.002075783386316088
2017-12-04,231.30474853515625,-0.0012095818278350379
2017-12-05,230.4728240966797,-0.003596659574630956
2017-12-06,230.51661682128906,0.000190012530896011
2017-12-07,231.24346923828125,0.003153145430534021
2017-12-08,232.5043487548828,0.005452605951445477
2017-12-11,233.20492553710938,0.0030131771125070372
2017-12-12,233.61651611328125,0.0017649308873897152
2017-12-13,233.5902099609375,-0.00011260399213808281
2017-12-14,232.63572692871094,-0.004086143132394859
2017-12-15,234.57301330566406,0.008327553134376497
2017-12-18,236.06048583984375,0.006341192080102642
2017-12-19,235.1539306640625,-0.0038403512242040083
2017-12-20,235.0307159423828,-0.0005239747485050739
2017-12-21,235.51478576660156,0.00205960238974634
2017-12-22,235.45314025878906,-0.0002617479306525894
2017-12-26,235.17149353027344,-0.0011961901557400179
2017-12-27,235.28594970703125,0.0004866923921758026
2017-12-28,235.77001953125,0.0020573681718840664
2017-12-29,234.88104248046875,-0.003770526263469298
2018-01-02,236.56219482421875,0.0071574628841737375
2018-01-03,238.0584716796875,0.006325088658314826
2018-01-04,239.06185913085938,0.004214878151960644
2018-01-05,240.6549072265625,0.006663748460314256
2018-01-08,241.09500122070312,0.0018287347605436821
2018-01-09,241.64071655273438,0.0022634867138191517
2018-01-10,241.27105712890625,-0.0015297894705069703
2018-01-11,243.03135681152344,0.007295942180402859
2018-01-12,244.61569213867188,0.006519057244029236
2018-01-16,243.779541015625,-0.003418223564221945
2018-01-17,246.10324096679688,0.009531972787753196
2018-01-18,245.68939208984375,-0.0016816067733499418
2018-01-19,246.8073272705078,0.004550197186597549
2018-01-22,248.81411743164062,0.008130999121161775
2018-01-23,249.3420867919922,0.002121942941990085
2018-01-24,249.24537658691406,-0.00038786153722536465
2018-01-25,249.35092163085938,0.0004234583822200211
2018-01-26,252.2379150390625,0.011578033838098412
2018-01-29,250.5656280517578,-0.006629800230650185
2018-01-30,247.99554443359375,-0.010257127596260629
2018-01-31,248.1186981201172,0.0004965963675060969
2018-02-01,247.83709716796875,-0.0011349445014906534
2018-02-02,242.44168090820312,-0.021770010710337462
2018-02-05,232.30213928222656,-0.04182260075079969
2018-02-06,236.87905883789062,0.019702442559530242
2018-02-07,235.59396362304688,-0.005425111114289005
2018-02-08,226.75714111328125,-0.03750869663156842
2018-02-09,230.16334533691406,0.01502137576311724
2018-02-12,233.543212890625,0.014684647326286715
2018-02-13,234.1241455078125,0.0024874737741129582
2018-02-14,237.28390502929688,0.013496085654176815
2018-02-15,240.3117218017578,0.01276031247078091
2018-02-16,240.38198852539062,0.0002923982363656208
2018-02-20,238.8769989013672,-0.006260825252572877
2018-02-21,237.68875122070312,-0.004974307640036479
2018-02-22,237.99681091308594,0.00129606340561228
2018-02-23,241.79039001464844,0.015939621573113794
2018-02-26,244.59805297851562,0.011611970863263377
2018-02-27,241.54385375976562,-0.012486604785109545
2018-02-28,239.09703063964844,-0.010129933268973823
2018-03-01,235.62034606933594,-0.014540893966819457
2018-03-02,236.83505249023438,0.005155354540312018
2018-03-05,239.57235717773438,0.01155785285462696
2018-03-06,240.17962646484375,0.0025348053267215676
2018-03-07,240.09165954589844,-0.0003662547079453793
2018-03-08,241.25350952148438,0.004839193405482778
2018-03-09,245.451904296875,0.01740241948694532
2018-03-12,245.143798828125,-0.0012552580092324295
2018-03-13,243.5594482421875,-0.006462943764073414
2018-03-14,242.30963134765625,-0.005131465453512063
2018-03-15,242.04562377929688,-0.001089546325051316
2018-03-16,242.3080291748047,0.0010841154300194056
2018-03-19,239.02957153320312,-0.013530123837689367
2018-03-20,239.4360809326172,0.0017006657243561207
2018-03-21,238.97659301757812,-0.0019190420810820674
2018-03-22,233.00282287597656,-0.02499730231388042
2018-03-23,228.03643798828125,-0.021314698364572338
2018-03-26,234.27536010742188,0.02735932105491501
2018-03-27,230.28990173339844,-0.017011854649144453
2018-03-28,229.60939025878906,-0.002955020908373074
2018-03-29,232.5432891845703,0.012777782835773799
2018-04-02,227.52391052246094,-0.021584706571022516
2018-04-03,230.44004821777344,0.012816840606405755
2018-04-04,232.90560913085938,0.010699359473991699
2018-04-05,234.74371337890625,0.007892056592823993
2018-04-06,229.51223754882812,-0.022285903868419554
2018-04-09,230.64328002929688,0.00492802689977756
2018-04-10,234.31063842773438,0.015900564707420406
2018-04-11,233.08230590820312,-0.005242325008260718
2018-04-12,234.99993896484375,0.008227278553678996
2018-04-13,234.31063842773438,-0.0029331945367547796
2018-04-16,236.2371063232422,0.008221854152396846
2018-04-17,238.76443481445312,0.010698270608482607
2018-04-18,238.94125366210938,0.0007405577291845766
2018-04-19,237.61569213867188,-0.005547646139464901
2018-04-20,235.600830078125,-0.008479499154336212
2018-04-23,235.56549072265625,-0.00014999673582227757
2018-04-24,232.39303588867188,-0.01346740061225471
2018-04-25,232.96746826171875,0.002471814057810384
2018-04-26,235.33567810058594,0.010165410031441446
2018-04-27,235.5567169189453,0.0009392490766524375
2018-04-30,233.7450714111328,-0.007690909991906025
2018-05-01,234.16041564941406,0.0017769112126035935
2018-05-02,232.5874481201172,-0.006717478378804764
2018-05-03,232.07493591308594,-0.002203524786800082
2018-05-04,235.0794219970703,0.012946189437318623
2018-05-07,235.87472534179688,0.0033831261705947746
2018-05-08,235.87472534179688,0.0
2018-05-09,238.1547088623047,0.00966607811499931
2018-05-10,240.38160705566406,0.009350636836019444
2018-05-11,241.1150665283203,0.0030512295913156517
2018-05-14,241.22999572753906,0.00047665706201427405
2018-05-15,239.56857299804688,-0.00688729742949834
2018-05-16,240.5760040283203,0.004205188592418807
2018-05-17,240.37278747558594,-0.0008447083222417051
2018-05-18,239.77183532714844,-0.002500083951884724
2018-05-21,241.57455444335938,0.007518477363078535
2018-05-22,240.90292358398438,-0.0027802218694870096
2018-05-23,241.5657958984375,0.002751615898185733
2018-05-24,241.0708770751953,-0.002048795117708946
2018-05-25,240.4965362548828,-0.0023824562605019306
2018-05-29,237.7305145263672,-0.011501295493021702
2018-05-30,240.90292358398438,0.013344559758925456
2018-05-31,239.42726135253906,-0.006125547210019122
2018-06-01,241.77786254882812,0.009817600481291766
2018-06-04,242.9266357421875,0.004751358049281285
2018-06-05,243.1033935546875,0.0007276180809072663
2018-06-06,245.13587951660156,0.008360582434472796
2018-06-07,245.1093292236328,-0.00010830847373755059
2018-06-08,245.8340301513672,0.002956643592595176
2018-06-11,246.16099548339844,0.0013300246993059872
2018-06-12,246.4791717529297,0.001292553553849718
2018-06-13,245.69261169433594,-0.0031911826585582226
2018-06-14,246.3112030029297,0.0025177448533264535
2018-06-15,245.99696350097656,-0.0012757824172106025
2018-06-18,245.490966796875,-0.0020569225607516284
2018-06-19,244.55007934570312,-0.0038326764664640134
2018-06-20,244.96726989746094,0.001705951406247852
2018-06-21,243.43162536621094,-0.0062687743219442815
2018-06-22,243.87554931640625,0.001823608372689911
2018-06-25,240.55567932128906,-0.013612967779766838
2018-06-26,241.08828735351562,0.0022140738216169797
2018-06-27,239.09092712402344,-0.008284766760831452
2018-06-28,240.45791625976562,0.005717444623204226
2018-06-29,240.80416870117188,0.0014399710635111251
2018-07-02,241.31895446777344,0.002137777636401328
2018-07-03,240.46678161621094,-0.0035313133750390913
2018-07-05,242.42855834960938,0.00815820264326339
2018-07-06,244.47909545898438,0.008458314991165006
2018-07-09,246.680419921875,0.0090041418827973
2018-07-10,247.56813049316406,0.003598625993786575
2018-07-11,245.75726318359375,-0.007314622063684051
2018-07-12,247.9852294921875,0.009065719074716982
2018-07-13,248.1805877685547,0.0007877819044594947
2018-07-16,247.9586639404297,-0.0008942030080610897
2018-07-17,248.9617919921875,0.004045545478494672
2018-07-18,249.48545837402344,0.0021034005967164315
2018-07-19,248.54458618164062,-0.0037712506312583827
2018-07-20,248.26048278808594,-0.0011430681227836414
2018-07-23,248.72216796875,0.001859680507663164
2018-07-24,249.9736328125,0.0050315774181706185
2018-07-25,252.10411071777344,0.008522810511264911
2018-07-26,251.50927734375,-0.0023594751086361
2018-07-27,249.80502319335938,-0.006776108493450672
2018-07-30,248.50010681152344,-0.005223739559575891
2018-07-31,249.72512817382812,0.004929661310905553
2018-08-01,249.3079376220703,-0.0016705990094333378
2018-08-02,250.66595458984375,0.005447146932931135
2018-08-03,251.74009704589844,0.004285154949790648
2018-08-06,252.663330078125,0.0036674055625640634
2018-08-07,253.49769592285156,0.00330228309928704
2018-08-08,253.39111328125,-0.0004204481670476712
2018-08-09,253.04505920410156,-0.0013656914509244666
2018-08-10,251.3495330810547,-0.006700490925923619
2018-08-13,250.4086151123047,-0.0037434641601127305
2018-08-14,252.0064239501953,0.006380806176233378
2018-08-15,250.1245880126953,-0.007467412568307852
2018-08-16,252.1483917236328,0.008091182586314805
2018-08-17,253.0360565185547,0.0035204063323743817
2018-08-20,253.5775909423828,0.002140147263117065
2018-08-21,254.17234802246094,0.0023454638789957016
2018-08-22,254.02133178710938,-0.0005941489565112201
2018-08-23,253.68414306640625,-0.0013274031685879262
2018-08-24,255.2108917236328,0.006018305435933069
2018-08-27,257.2258605957031,0.007895309085210744
2018-08-28,257.35009765625,0.00048298821999925856
2018-08-29,258.73486328125,0.005380863025160609
2018-08-30,257.68743896484375,-0.004048253502148547
2018-08-31,257.6964111328125,3.4818026073635266e-05
2018-09-04,257.2524719238281,-0.0017227217369184533
2018-09-05,256.55999755859375,-0.0026918084015122856
2018-09-06,255.7877655029297,-0.003009947236562893
2018-09-07,255.29074096679688,-0.0019431130146336795
2018-09-10,255.73452758789062,0.001738357683530145
2018-09-11,256.577880859375,0.003297768507987353
2018-09-12,256.6399230957031,0.00024180664412809527
2018-09-13,258.1578063964844,0.00591444730216506
2018-09-14,258.2022705078125,0.00017223616805850384
2018-09-17,256.8352966308594,-0.005294197739875273
2018-09-18,258.22882080078125,0.005425750230602988
2018-09-19,258.50408935546875,0.0010659869561959745
2018-09-20,260.5989990234375,0.00810397109458516
2018-09-21,260.36083984375,-0.000913891383236165
2018-09-24,259.49591064453125,-0.003322040287386585
2018-09-25,259.2552185058594,-0.0009275373090622541
2018-09-26,258.4793395996094,-0.002992722425112837
2018-09-27,259.20166015625,0.002794500162989877
2018-09-28,259.2283935546875,0.00010313745066836688
2018-10-01,260.1289978027344,0.0034741728546678896
2018-10-02,259.9774169921875,-0.0005827140066169134
2018-10-03,260.1200256347656,0.0005485424242921422
2018-10-04,258.0871276855469,-0.007815230466235334
2018-10-05,256.6426086425781,-0.005597020881757175
2018-10-08,256.6426086425781,0.0
2018-10-09,256.2680969238281,-0.0014592733479871223
2018-10-10,248.15379333496094,-0.0316633388481401
2018-10-11,242.68788146972656,-0.022026307926941158
2018-10-12,246.0584259033203,0.013888392008622796
2018-10-15,244.67623901367188,-0.005617311760709676
2018-10-16,250.0263214111328,0.02186596630317661
2018-10-17,250.0708770751953,0.00017820389393818914
2018-10-18,246.45960998535156,-0.014440974223311365
2018-10-19,246.3258056640625,-0.0005429056765001716
2018-10-22,245.2201385498047,-0.004488636954934844
2018-10-23,243.9718017578125,-0.005090678112224634
2018-10-24,236.5798797607422,-0.030298263749382714
2018-10-25,240.82420349121094,0.017940341058424458
2018-10-26,236.58876037597656,-0.01758728173428359
2018-10-29,235.27793884277344,-0.005540506366912834
2018-10-30,238.76437377929688,0.014818367389954457
2018-10-31,241.31472778320312,0.01068146794070568
2018-11-01,243.88270568847656,0.010641612838402814
2018-11-02,242.43821716308594,-0.0059228821548164
2018-11-05,243.77572631835938,0.005516907238984237
2018-11-06,245.31825256347656,0.00632764495634297
2018-11-07,250.57020568847656,0.02140873363526441
2018-11-08,250.11546325683594,-0.001814830420045932
2018-11-09,247.67236328125,-0.009767888573435357
2018-11-12,243.04452514648438,-0.01868532311580673
2018-11-13,242.58973693847656,-0.0018712135471214975
2018-11-14,240.93121337890625,-0.006836742479303326
2018-11-15,243.44570922851562,0.010436571560592744
2018-11-16,244.0789031982422,0.002600965824097523
2018-11-19,239.95033264160156,-0.016914901298484497
2018-11-20,235.50978088378906,-0.01850612878476421
2018-11-21,236.31234741210938,0.0034077842767656907
2018-11-23,234.7340545654297,-0.00667884206628977
2018-11-26,238.52365112304688,0.01614421292484791
2018-11-27,239.32615661621094,0.0033644692649370533
2018-11-28,244.8367156982422,0.023025310563391965
2018-11-29,244.30172729492188,-0.002185082420316675
2018-11-30,245.79083251953125,0.0060953528290519365
2018-12-03,249.04547119140625,0.013241497408640557
2018-12-04,240.97576904296875,-0.03240252516872899
2018-12-06,240.61013793945312,-0.0015172940622525388
2018-12-07,235.01939392089844,-0.023235695995326378
2018-12-10,235.4652557373047,0.001897127760257522
2018-12-11,235.51873779296875,0.00022713353397540992
2018-12-12,236.70465087890625,0.005035323715856466
2018-12-13,236.62440490722656,-0.00033901307550032733
2018-12-14,232.25515747070312,-0.018464906180055696
2018-12-17,227.69871520996094,-0.019618260840200907
2018-12-18,227.44903564453125,-0.0010965348012590415
2018-12-19,224.04281616210938,-0.014975748183629567
2018-12-20,220.39588928222656,-0.016277812171598627
2018-12-21,215.88006591796875,-0.020489598871216264
2018-12-24,210.17591857910156,-0.026422760779750143
2018-12-26,220.7949981689453,0.05052472072744707
2018-12-27,222.49014282226562,0.007677459486755467
2018-12-28,222.20314025878906,-0.0012899563092367838
2018-12-31,224.1493377685547,0.008758640888238522
2019-01-02,224.3825225830078,0.0010403100753029193
2019-01-03,219.02816772460938,-0.0238626199436619
2019-01-04,226.36463928222656,0.0334955619354016
2019-01-07,228.1494598388672,0.007884714513274105
2019-01-08,230.29299926757812,0.009395329843098654
2019-01-09,231.3692626953125,0.004673452650133969
2019-01-10,232.1854705810547,0.0035277282567003354
2019-01-11,232.27513122558594,0.00038615958314225374
2019-01-14,230.8580780029297,-0.006100753081826893
2019-01-15,233.5038604736328,0.01146064497110455
2019-01-16,234.0689239501953,0.002419932053441709
2019-01-17,235.84471130371094,0.0075866002352942274
2019-01-18,238.9838409423828,0.013310154895224358
2019-01-22,235.75502014160156,-0.013510623931932253
2019-01-23,236.248291015625,0.002092302737507712
2019-01-24,236.37388610839844,0.0005316232859653436
2019-01-25,238.3739471435547,0.00846142976318065
2019-01-28,236.5622100830078,-0.0076003987946543505
2019-01-29,236.248291015625,-0.0013270042889464984
2019-01-30,239.9883270263672,0.01583095477501173
2019-01-31,242.0959930419922,0.00878236888327244
2019-02-01,242.21255493164062,0.00048146971861795507
2019-02-04,243.91665649414062,0.007035562475202539
2019-02-05,244.93919372558594,0.004192158281203229
2019-02-06,244.6162567138672,-0.0013184374734267479
2019-02-07,242.2843017578125,-0.009533115204123255
2019-02-08,242.5802764892578,0.0012216009427683527
2019-02-11,242.71487426757812,0.0005548587060262289
2019-02-12,245.8360137939453,0.012859284111802483
2019-02-13,246.63427734375,0.003247138356521573
2019-02-14,246.08714294433594,-0.0022184037243594412
2019-02-15,248.76881408691406,0.010897241970844185
2019-02-19,249.19931030273438,0.001730507167469586
2019-02-20,249.70162963867188,0.0020157332511365755
2019-02-21,248.81365966796875,-0.003556124050884457
2019-02-22,250.35635375976562,0.006200198549611624
2019-02-25,250.6971435546875,0.0013612188778275858
2019-02-26,250.51773071289062,-0.0007156557081302584
2019-02-27,250.41021728515625,-0.000429164943449023
2019-02-28,249.9437255859375,-0.0018629100053354497
2019-03-01,251.50428771972656,0.006243653967030749
2019-03-04,250.58953857421875,-0.003637111533172699
2019-03-05,250.24862670898438,-0.0013604393350739041
2019-03-06,248.73291015625,-0.006056842639528326
2019-03-07,246.65220642089844,-0.008365212846359937
2019-03-08,246.15884399414062,-0.002000235205339762
2019-03-11,249.728515625,0.014501496565950456
2019-03-12,250.67022705078125,0.0037709407090511515
2019-03-13,252.32945251464844,0.00661915650449818
2019-03-14,252.16798400878906,-0.0006399114500912351
2019-03-15,253.41380310058594,0.004940433246091391
2019-03-18,254.33267211914062,0.003625962782263903
2019-03-19,254.39584350585938,0.0002483809342794796
2019-03-20,253.63002014160156,-0.0030103611509681993
2019-03-21,256.4947814941406,0.011295040511922316
2019-03-22,251.5581512451172,-0.019246513399868936
2019-03-25,251.36895751953125,-0.0007520874384292497
2019-03-26,253.24278259277344,0.007454480822663312
2019-03-27,251.91851806640625,-0.005229229093161036
2019-03-28,252.8733673095703,0.0037903098608746966
2019-03-29,254.46792602539062,0.0063057598069165
2019-04-01,257.4856262207031,0.011858862696163097
2019-04-02,257.6117248535156,0.0004897307654152527
2019-04-03,258.0171813964844,0.0015739056256049988
2019-04-04,258.7017517089844,0.0026531966158023224
2019-04-05,259.9539489746094,0.0048403122798859055
2019-04-08,260.152099609375,0.0007622528357320579
2019-04-09,258.8188781738281,-0.005124776765395134
2019-04-10,259.70172119140625,0.003411045684948766
2019-04-11,259.62969970703125,-0.00027732386233170203
2019-04-12,261.38629150390625,0.006765758304451142
2019-04-15,261.2149658203125,-0.0006554501485446229
2019-04-16,261.38629150390625,0.0006558800452176605
2019-04-17,260.7467041015625,-0.0024469049186315317
2019-04-18,261.2601623535156,0.001969184054396056
2019-04-22,261.48529052734375,0.0008617011173845945
2019-04-23,263.8365173339844,0.008991812892797268
2019-04-24,263.2509765625,-0.0022193317945565783
2019-04-25,263.0887756347656,-0.0006161455879570843
2019-04-26,264.3139953613281,0.0046570581493123875
2019-04-29,264.7283935546875,0.001567825391890043
2019-04-30,264.8634948730469,0.0005103393578047566
2019-05-01,262.87255859375,-0.00751683911839629
2019-05-02,262.30517578125,-0.0021583949862824525
2019-05-03,264.8724670410156,0.009787421281792108
2019-05-06,263.7825622558594,-0.0041148285336409796
2019-05-07,259.37744140625,-0.016699818259163668
2019-05-08,259.01715087890625,-0.0013890588379250612
2019-05-09,258.2333984375,-0.003025870830355437
2019-05-10,259.5305480957031,0.005023167669448769
2019-05-13,253.00839233398438,-0.025130589865335118
2019-05-14,255.29660034179688,0.009044000425060705
2019-05-15,256.7919921875,0.00585746869993975
2019-05-16,259.170166015625,0.009261090300621833
2019-05-17,257.4946594238281,-0.00646488991212002
2019-05-20,255.79214477539062,-0.006611844502899866
2019-05-21,258.09820556640625,0.00901536985445972
2019-05-22,257.3055114746094,-0.003071288659513449
2019-05-23,254.16160583496094,-0.012218570918402838
2019-05-24,254.73812866210938,0.002268331698859427
2019-05-28,252.368896484375,-0.009300657856668892
2019-05-29,250.67529296875,-0.006710825062904879
2019-05-30,251.36000061035156,0.0027314524438868393
2019-05-31,247.97286987304688,-0.013475217731859002
2019-06-03,247.34225463867188,-0.0025430815665352657
2019-06-04,252.71121215820312,0.021706592459806107
2019-06-05,254.9003143310547,0.0086624655635823
2019-06-06,256.55780029296875,0.006502486928130491
2019-06-07,259.12518310546875,0.010007034709403673
2019-06-10,260.3143005371094,0.004588968997106813
2019-06-11,260.251220703125,-0.00024232181579808554
2019-06-12,259.791748046875,-0.0017654966420854734
2019-06-13,260.86370849609375,0.004126229787042135
2019-06-14,260.57550048828125,-0.0011048221673840564
2019-06-17,260.674560546875,0.0003801587578575738
2019-06-18,263.404052734375,0.010470880556099349
2019-06-19,263.9986572265625,0.002257385511023724
2019-06-20,266.52099609375,0.009554362486862367
2019-06-21,266.1336364746094,-0.0014533925087251154
2019-06-24,265.80767822265625,-0.001224791635777378
2019-06-25,263.20062255859375,-0.009808052504332365
2019-06-26,262.9382019042969,-0.0009970366017597598
2019-06-27,263.87054443359375,0.003545861812944917
2019-06-28,265.22833251953125,0.0051456599252184265
2019-07-01,267.6363220214844,0.009078930139470698
2019-07-02,268.333251953125,0.0026040184918723064
2019-07-03,270.4785461425781,0.007994887602778
2019-07-05,270.1708068847656,-0.001137758473643502
2019-07-08,268.68634033203125,-0.005494548318714321
2019-07-09,269.0212707519531,0.0012465479990830808
2019-07-10,270.3065185546875,0.004777495099706819
2019-07-11,270.94036865234375,0.0023449308623610943
2019-07-12,272.15325927734375,0.004476596200975624
2019-07-15,272.24383544921875,0.000332813107274621
2019-07-16,271.3658447265625,-0.0032250159905641285
2019-07-17,269.51910400390625,-0.006805354316115508
2019-07-18,270.50579833984375,0.0036609439601105187
2019-07-19,269.003173828125,-0.00555486988057452
2019-07-22,269.6639099121094,0.0024562389899775994
2019-07-23,271.59210205078125,0.007150352968257057
2019-07-24,272.8684997558594,0.004699686387932944
2019-07-25,271.5647888183594,-0.004777799338019806
2019-07-26,273.38433837890625,0.006700241104394156
2019-07-29,272.88653564453125,-0.0018208897310169059
2019-07-30,272.216552734375,-0.0024551702727795277
2019-07-31,269.2384948730469,-0.010940032233212715
2019-08-01,266.8939514160156,-0.008708054389238717
2019-08-02,264.8843994140625,-0.007529402563420273
2019-08-05,256.9184875488281,-0.03007316354928935
2019-08-06,260.5212097167969,0.014022821799789975
2019-08-07,260.6751403808594,0.0005908565534062937
2019-08-08,265.7895812988281,0.019619979528912035
2019-08-09,263.97918701171875,-0.006811381688712426
2019-08-12,260.76568603515625,-0.012173311892273664
2019-08-13,264.8209533691406,0.01555138406299994
2019-08-14,256.9908447265625,-0.02956755703414271
2019-08-15,257.6697998046875,0.0026419426686090652
2019-08-16,261.47174072265625,0.014755089346328631
2019-08-19,264.6218566894531,0.012047634509528837
2019-08-20,262.59417724609375,-0.007662554668486643
2019-08-21,264.7304992675781,0.008135450846201708
2019-08-22,264.64898681640625,-0.00030790729212304413
2019-08-23,257.850830078125,-0.025687446681960324
2019-08-26,260.7023010253906,0.0110586068169789
2019-08-27,259.679443359375,-0.00392347003456639
2019-08-28,261.5079040527344,0.0070412223228195625
2019-08-29,264.8481750488281,0.01277311677516324
2019-08-30,264.7304992675781,-0.0004443141102569159
2019-09-03,263.18267822265625,-0.005846780213100478
2019-09-04,266.1697998046875,0.011349993100625344
2019-09-05,269.5915832519531,0.012855641210146596
2019-09-06,269.7996520996094,0.0007717928176629307
2019-09-09,269.9355163574219,0.0005035746219654857
2019-09-10,269.87213134765625,-0.00023481537598668556
2019-09-11,271.7911682128906,0.00711091158487287
2019-09-12,272.7326354980469,0.003463936268962353
2019-09-13,272.5516052246094,-0.0006637646173400791
2019-09-16,271.70965576171875,-0.0030891377880412074
2019-09-17,272.3977355957031,0.0025324084712976536
2019-09-18,272.56072998046875,0.0005983690885285053
2019-09-19,272.54254150390625,-6.673183097138935e-05
2019-09-20,271.2548522949219,-0.004724727383397909
2019-09-23,271.19110107421875,-0.00023502333751368454
2019-09-24,269.0631408691406,-0.00784671840871265
2019-09-25,270.6545715332031,0.00591471079584438
2019-09-26,270.0908203125,-0.00208291778524039
2019-09-27,268.63580322265625,-0.005387140104059274
2019-09-30,269.881591796875,0.0046374629117704735
2019-10-01,266.67144775390625,-0.011894638762116272
2019-10-02,261.9607849121094,-0.017664668945525985
2019-10-03,264.1070251464844,0.008192982911908286
2019-10-04,267.6808776855469,0.013531834441284918
2019-10-07,266.5259704589844,-0.004314492826488769
2019-10-08,262.3881530761719,-0.015525006346236214
2019-10-09,264.8798522949219,0.009496233688670586
2019-10-10,266.67144775390625,0.006763804205801138
2019-10-11,269.43597412109375,0.010366788010011119
2019-10-14,269.1358947753906,-0.001113731552299213
2019-10-15,271.8004455566406,0.009900391709079637
2019-10-16,271.3638916015625,-0.0016061561421802928
2019-10-17,272.16424560546875,0.0029493754647409443
2019-10-18,270.972900390625,-0.004377302434393715
2019-10-21,272.809814453125,0.006778958559516379
2019-10-22,271.9186706542969,-0.0032665386346694136
2019-10-23,272.70977783203125,0.0029093521817784573
2019-10-24,273.1554260253906,0.001634148202906971
2019-10-25,274.27398681640625,0.004094960906658507
2019-10-28,275.8199768066406,0.005636662842799067
2019-10-29,275.73822021484375,-0.0002964128731479665
2019-10-30,276.5838317871094,0.0030667187581276956
2019-10-31,275.84716796875,-0.002663437749052533
2019-11-01,278.40277099609375,0.009264561409719763
2019-11-04,279.5212097167969,0.004017340476538678
2019-11-05,279.2120056152344,-0.0011061919125056052
2019-11-06,279.2756652832031,0.00022799760285541204
2019-11-07,280.2579040527344,0.003517094010089261
2019-11-08,280.9490051269531,0.002465946773400285
2019-11-11,280.41241455078125,-0.0019099216099000005
2019-11-12,281.0035400390625,0.0021080574810792285
2019-11-13,281.094482421875,0.00032363429585213765
2019-11-14,281.50372314453125,0.0014558831576141351
2019-11-15,283.54071044921875,0.0072360936542272825
2019-11-18,283.75,0.0007381287521275315
2019-11-19,283.6679992675781,-0.00028898936536347897
2019-11-20,282.6131286621094,-0.003718680317104428
2019-11-21,282.158447265625,-0.001608847397277069
2019-11-22,282.78594970703125,0.0022239363998750594
2019-11-25,284.9776306152344,0.00775031754750799
2019-11-26,285.6233215332031,0.0022657600057056637
2019-11-27,286.8964538574219,0.00445738225220782
2019-11-29,285.8324890136719,-0.0037085325714020234
2019-12-02,283.4043884277344,-0.008494837638353125
2019-12-03,281.50372314453125,-0.006706548525051481
2019-12-04,283.2406921386719,0.006170323343285933
2019-12-05,283.75,0.0017981450951927158
2019-12-06,286.34173583984375,0.009133870801211419
2019-12-09,285.44140625,-0.0031442485574206813
2019-12-10,285.1231689453125,-0.0011148953785939941
2019-12-11,285.93243408203125,0.0028383001623903947
2019-12-12,288.39697265625,0.008619304004916506
2019-12-13,288.56976318359375,0.0005991412661245921
2019-12-16,290.5522155761719,0.00686992417607124
2019-12-17,290.6158447265625,0.00021899385714352348
2019-12-18,290.634033203125,6.258597696073842e-05
2019-12-19,291.8253479003906,0.004099019939736381
2019-12-20,293.104736328125,0.004384089445756745
2019-12-23,293.5526123046875,0.0015280407344258062
2019-12-24,293.5616760253906,3.087596677131543e-05
2019-12-26,295.1243896484375,0.005323288939499404
2019-12-27,295.0513000488281,-0.0002476569276311791
2019-12-30,293.4246826171875,-0.005512998693350757
2019-12-31,294.137451171875,0.002429136323263581
2020-01-02,296.8882141113281,0.009351964289123327
2020-01-03,294.6401062011719,-0.007572236967659629
2020-01-06,295.7641296386719,0.00381490304219656
2020-01-07,294.9326171875,-0.0028114039798798895
2020-01-08,296.50439453125,0.005329276085970447
2020-01-09,298.51483154296875,0.006780462781663221
2020-01-10,297.65576171875,-0.002877812870397012
2020-01-13,299.7029113769531,0.0068775744382783
2020-01-14,299.24591064453125,-0.0015248458225588513
2020-01-15,299.9222412109375,0.002260116320218053
2020-01-16,302.4170837402344,0.008318297833544985
2020-01-17,303.3583679199219,0.003112536395252219
2020-01-21,302.76434326171875,-0.0019581614388165525
2020-01-22,302.80084228515625,0.0001205525823955167
2020-01-23,303.1481628417969,0.0011470263887625176
2020-01-24,300.4522705078125,-0.008892985887535398
2020-01-27,295.6361389160156,-0.016029606245467343
2020-01-28,298.7341613769531,0.010479173731252178
2020-01-29,298.4875183105469,-0.0008256272575904999
2020-01-30,299.4561462402344,0.0032451203828218755
2020-01-31,294.0186767578125,-0.018157815595675753
2020-02-03,296.2027893066406,0.007428482343069698
2020-02-04,300.71734619140625,0.01524143947237433
2020-02-05,304.1899719238281,0.011547806524641047
2020-02-06,305.2135925292969,0.003365070186222452
2020-02-07,303.5868835449219,-0.005329739645257958
2020-02-10,305.8531799316406,0.007465066870662174
2020-02-11,306.38330078125,0.0017332526989841668
2020-02-12,308.3572692871094,0.0064428071008633125
2020-02-13,308.0283203125,-0.001066778725112849
2020-02-14,308.52166748046875,0.0016016292510645513
2020-02-18,307.7266845703125,-0.0025767490388874936
2020-02-19,309.1980285644531,0.004781333787140074
2020-02-20,307.927734375,-0.0041083515161816075
2020-02-21,304.756591796875,-0.010298333745615507
2020-02-24,294.6492614746094,-0.03316525579536056
2020-02-25,285.72076416015625,-0.03030212011993283
2020-02-26,284.6697692871094,-0.003678398649591186
2020-02-27,271.884765625,-0.044911701351803224
2020-02-28,270.7425231933594,-0.00420120056750839
2020-03-02,282.4673767089844,0.04330628738083875
2020-03-03,274.3796081542969,-0.028632575729338194
2020-03-04,285.9126281738281,0.04203307999858974
2020-03-05,276.4083557128906,-0.033241877148424304
2020-03-06,271.8390808105469,-0.016530885582525356
2020-03-09,250.60992431640625,-0.0780945713575889
2020-03-10,263.57769775390625,0.05174485197612366
2020-03-11,250.72872924804688,-0.04874831450214745
2020-03-12,226.73968505859375,-0.09567728541279641
2020-03-13,246.12281799316406,0.08548628322193075
2020-03-16,219.191162109375,-0.10942364508656433
2020-03-17,231.0257110595703,0.0539919075035058
2020-03-18,219.32827758789062,-0.05063260456176455
2020-03-19,219.79428100585938,0.0021246846193008206
2020-03-20,210.32241821289062,-0.04309421860123941
2020-03-23,204.94491577148438,-0.025567899452178633
2020-03-24,223.5135498046875,0.0906030479619575
2020-03-25,226.85963439941406,0.014970388138215718
2020-03-26,240.10586547851562,0.05838954609165925
2020-03-27,232.9541473388672,-0.02978568693186867
2020-03-30,240.51953125,0.032475849850948535
2020-03-31,236.9344940185547,-0.01490538923310547
2020-04-01,226.27127075195312,-0.045004942445258767
2020-04-02,231.4925537109375,0.023075324329212554
2020-04-03,228.14654541015625,-0.014454064492110508
2020-04-06,243.4702606201172,0.06716610668994494
2020-04-07,243.71847534179688,0.001019486819652915
2020-04-08,251.89979553222656,0.03356873203377786
2020-04-09,255.7329559326172,0.01521700481055066
2020-04-13,253.39810180664062,-0.009130047855825718
2020-04-14,260.8714904785156,0.02949267819526802
2020-04-15,255.3285369873047,-0.02124783157041621
2020-04-16,256.5602722167969,0.004824118933299815
2020-04-17,263.4914245605469,0.02701568829757517
2020-04-20,258.84918212890625,-0.017618191709210196
2020-04-21,250.98973083496094,-0.030363052451258365
2020-04-22,256.5602722167969,0.022194299995081712
2020-04-23,256.5419006347656,-7.160727525157284e-05
2020-04-24,260.1178283691406,0.013938961727214982
2020-04-27,263.8682556152344,0.014418186056710525
2020-04-28,262.65484619140625,-0.004598542636358172
2020-04-29,269.53070068359375,0.02617828908124098
2020-04-30,267.0212707519531,-0.009310367706818257
2020-05-01,259.9523010253906,-0.026473433021480752
2020-05-04,260.66937255859375,0.0027584734983094883
2020-05-05,263.0776672363281,0.009238886233913224
2020-05-06,261.29437255859375,-0.006778586325734803
2020-05-07,264.4472961425781,0.012066557550057366
2020-05-08,268.8229064941406,0.01654624726888243
2020-05-11,268.87811279296875,0.00020536307544660737
2020-05-12,263.5189208984375,-0.0199316777362899
2020-05-13,258.8584289550781,-0.01768560651155504
2020-05-14,261.956298828125,0.011967429013425956
2020-05-15,263.1603698730469,0.004596457692784384
2020-05-18,271.17626953125,0.030460132207863033
2020-05-19,268.3909606933594,-0.010271211572846162
2020-05-20,272.9503479003906,0.016987856801333967
2020-05-21,271.06591796875,-0.006903929400113196
2020-05-22,271.5806579589844,0.0018989476585311582
2020-05-26,274.92681884765625,0.012321057448712924
2020-05-27,279.0173645019531,0.014878670882099598
2020-05-28,278.50262451171875,-0.0018448313822804208
2020-05-29,279.7435302734375,0.004455633995888997
2020-06-01,280.87420654296875,0.00404183170358241
2020-06-02,283.1999206542969,0.008280269448566635
2020-06-03,286.96875,0.01330801695493311
2020-06-04,286.2149658203125,-0.0026267117227485315
2020-06-05,293.55047607421875,0.02562937347766625
2020-06-08,297.0988464355469,0.012087769056899678
2020-06-09,294.8834533691406,-0.007456754184627434
2020-06-10,293.2380676269531,-0.0055797832105817236
2020-06-11,276.33319091796875,-0.057648984136978276
2020-06-12,279.64239501953125,0.011975413053239903
2020-06-15,282.2530517578125,0.009335697250407726
2020-06-16,287.68572998046875,0.01924754467249401
2020-06-17,286.49078369140625,-0.004153651587597396
2020-06-18,286.6011047363281,0.0003850771166191702
2020-06-19,284.9631652832031,-0.005715049335318856
2020-06-22,286.791259765625,0.006415195734526202
2020-06-23,288.1115417480469,0.004603633958373932
2020-06-24,280.7622375488281,-0.02550853795939112
2020-06-25,283.7721862792969,0.010720632364048965
2020-06-26,277.03216552734375,-0.023751519979197
2020-06-29,281.1039123535156,0.01469774030904003
2020-06-30,284.7046203613281,0.012809170735710973
2020-07-01,286.6989440917969,0.0070048871280616876
2020-07-02,288.27789306640625,0.005507341436541191
2020-07-06,292.7280578613281,0.015437065768677538
2020-07-07,289.7088928222656,-0.01031389017206119
2020-07-08,291.92474365234375,0.007648542675000147
2020-07-09,290.2629089355469,-0.0056926819426309505
2020-07-10,293.2265930175781,0.010210343763520147
2020-07-13,290.68756103515625,-0.008658941729305147
2020-07-14,294.4545593261719,0.012958924962599427
2020-07-15,297.1597900390625,0.009187260401337438
2020-07-16,296.18109130859375,-0.0032935099676174584
2020-07-17,297.0398254394531,0.0028993550096845233
2020-07-20,299.4403991699219,0.00808165614465084
2020-07-21,300.07745361328125,0.0021274832825675105
2020-07-22,301.7853698730469,0.005691584753203971
2020-07-23,298.18463134765625,-0.011931454884328452
2020-07-24,296.2641906738281,-0.006440441498103411
2020-07-27,298.4247131347656,0.007292553501061283
2020-07-28,296.53192138671875,-0.006342610597374065
2020-07-29,300.1789855957031,0.01229906106542944
2020-07-30,299.1079406738281,-0.003568020991707721
2020-07-31,301.4715270996094,0.007902118614626419
2020-08-03,303.5673828125,0.006952085104203309
2020-08-04,304.739990234375,0.003862758281245382
2020-08-05,306.6326904296875,0.006210869121104912
2020-08-06,308.6823425292969,0.006684388728211532
2020-08-07,308.9040222167969,0.0007181482610361112
2020-08-10,309.82720947265625,0.002988589301085476
2020-08-11,307.2697448730469,-0.008254486763645819
2020-08-12,311.5538330078125,0.013942433989183156
2020-08-13,310.99066162109375,-0.0018076214350558617
2020-08-14,310.9999084472656,2.973345284273954e-05
2020-08-17,311.98779296875,0.0031764784961403336
2020-08-18,312.6617126464844,0.002160083480579944
2020-08-19,311.3600158691406,-0.0041632752738597345
2020-08-20,312.3293762207031,0.003113310322960361
2020-08-21,313.437255859375,0.003547151574653684
2020-08-24,316.6134338378906,0.010133377316003056
2020-08-25,317.72137451171875,0.0034993482759022587
2020-08-26,320.9067687988281,0.010025747534312845
2020-08-27,321.60833740234375,0.0021862069352467373
2020-08-28,323.6857604980469,0.00645948146892783
2020-08-31,322.5132141113281,-0.003622483685765454
2020-09-01,325.5508117675781,0.009418521546845637
2020-09-02,330.25958251953125,0.014464011704921953
2020-09-03,318.8939514160156,-0.03441423566519364
2020-09-04,316.29034423828125,-0.008164492196146456
2020-09-08,307.6484069824219,-0.027322798224117983
2020-09-09,313.72357177734375,0.01974710304698246
2020-09-10,308.27618408203125,-0.01736365445685617
2020-09-11,308.43310546875,0.0005090285750941614
2020-09-14,312.4955749511719,0.013171314655888944
2020-09-15,314.07440185546875,0.005052317635357184
2020-09-16,312.82794189453125,-0.0039686773375153805
2020-09-17,310.0766296386719,-0.008794969653915907
2020-09-18,306.5067443847656,-0.011512912979176115
2020-09-21,303.095458984375,-0.011129560647149539
2020-09-22,306.1822814941406,0.010184324503274
2020-09-23,299.0816650390625,-0.023190814375109503
2020-09-24,299.87884521484375,0.002665426433536622
2020-09-25,304.7269592285156,0.01616690904021101
2020-09-28,309.7882995605469,0.01660942748500216
2020-09-29,308.1011047363281,-0.005446283241207439
2020-09-30,310.4371643066406,0.007582120071629284
2020-10-01,312.43017578125,0.006420015718996641
2020-10-02,309.4638366699219,-0.009494406562716384
2020-10-05,314.95159912109375,0.017733130016820642
2020-10-06,310.4743347167969,-0.014215722088064209
2020-10-07,315.8785705566406,0.017406385119637324
2020-10-08,318.6780090332031,0.008862388074092342
2020-10-09,321.5238952636719,0.008930287468227105
2020-10-12,326.69647216796875,0.016087690465602877
2020-10-13,324.56439208984375,-0.006526180291989259
2020-10-14,322.5250549316406,-0.0062833052790295385
2020-10-15,322.1264343261719,-0.001235936865597087
2020-10-16,321.9317932128906,-0.0006042382510097477
2020-10-19,317.0373229980469,-0.015203438486136367
2020-10-20,318.3072814941406,0.004005706596575065
2020-10-21,317.7046813964844,-0.0018931395311713173
2020-10-22,319.447509765625,0.005485686775152265
2020-10-23,320.5320739746094,0.0033951249448778142
2020-10-26,314.60858154296875,-0.018480186267131105
2020-10-27,313.52398681640625,-0.0034474416471514946
2020-10-28,302.80816650390625,-0.03417862990743026
2020-10-29,305.88568115234375,0.010163248514626133
2020-10-30,302.6968994140625,-0.010424749946674083
2020-11-02,306.08966064453125,0.011208443948504954
2020-11-03,311.49395751953125,0.017655927559330875
2020-11-04,318.45556640625,0.022349097690866904
2020-11-05,324.66632080078125,0.01950273460319507
2020-11-06,324.5921325683594,-0.00022850609277513811
2020-11-09,328.67095947265625,0.012566006674354258
2020-11-10,328.18890380859375,-0.0014666816467020505
2020-11-11,330.6268615722656,0.00742851978046688
2020-11-12,327.4195556640625,-0.009700681586943927
2020-11-13,331.95245361328125,0.013844310368161361
2020-11-16,336.0960693359375,0.012482557901148938
2020-11-17,334.2884216308594,-0.0053783660982696935
2020-11-18,330.265380859375,-0.012034639883300668
2020-11-19,331.65582275390625,0.004210074610039971
2020-11-20,329.3846740722656,-0.006847908361089949
2020-11-23,331.35919189453125,0.005994564950014825
2020-11-24,336.6986389160156,0.016113773669462317
2020-11-25,336.17950439453125,-0.001541837303398963
2020-11-27,337.11578369140625,0.002785057639255184
2020-11-30,335.6232604980469,-0.004427331099767229
2020-12-01,339.29412841796875,0.010937465759895515
2020-12-02,340.0079040527344,0.0021037075946281902
2020-12-03,339.91522216796875,-0.0002725874418239016
2020-12-04,342.8445129394531,0.00861770988895838
2020-12-07,342.1400451660156,-0.002054773364746576
2020-12-08,343.1411437988281,0.002925990824391045
2020-12-09,340.0635986328125,-0.008968744266411477
2020-12-10,339.95233154296875,-0.000327194943213871
2020-12-11,339.5537109375,-0.0011725779425000304
2020-12-14,338.0334167480469,-0.004477330509083943
2020-12-15,342.60345458984375,0.013519485398105324
2020-12-16,343.1411437988281,0.001569421445642094
2020-12-17,345.0599365234375,0.005591846851610072
2020-12-18,343.68218994140625,-0.003992774692745837
2020-12-21,342.4533386230469,-0.0035755455310875206
2020-12-22,341.87615966796875,-0.0016854236474928008
2020-12-23,342.1833801269531,0.0008986308354543837
2020-12-24,343.5145568847656,0.003890243755610312
2020-12-28,346.4657287597656,0.00859111154346226
2020-12-29,345.8047180175781,-0.0019078676108996717
2020-12-30,346.298095703125,0.0014267523253450598
2020-12-31,348.05755615234375,0.005080768479671649
2021-01-04,343.3191833496094,-0.013613762203916635
2021-01-05,345.6836242675781,0.006887004958184839
2021-01-06,347.7503967285156,0.005978797709369266
2021-01-07,352.9170837402344,0.014857458281355429
2021-01-08,354.9278869628906,0.005697664735709651
2021-01-11,352.535400390625,-0.006740768083167703
2021-01-12,352.60986328125,0.00021122103068926812
2021-01-13,353.5594787597656,0.002693105262793427
2021-01-14,352.32122802734375,-0.0035022416504444376
2021-01-15,349.75189208984375,-0.007292594749075398
2021-01-19,352.49810791015625,0.007851896965884286
2021-01-20,357.3762512207031,0.013838778708537669
2021-01-21,357.7020568847656,0.0009116600863925406
2021-01-22,356.43597412109375,-0.003539489749369129
2021-01-25,357.841796875,0.0039441101795989475
2021-01-26,357.28314208984375,-0.0015611781240618683
2021-01-27,348.5509338378906,-0.024440582897015894
2021-01-28,351.5486145019531,0.0086004092172558
2021-01-29,344.5107116699219,-0.02001971432031391
2021-02-01,350.2452697753906,0.01664551467114639
2021-02-02,355.19781494140625,0.01414021999266879
2021-02-03,355.4771728515625,0.0007864854410839506
2021-02-04,359.5173645019531,0.011365544566423358
2021-02-05,360.9324035644531,0.003935940797909154
2021-02-08,363.5390319824219,0.007221929625122359
2021-02-09,363.2969665527344,-0.0006658581565986976
2021-02-10,363.1387023925781,-0.0004356330350291371
2021-02-11,363.72515869140625,0.0016149650118926218
2021-02-12,365.5219421386719,0.0049399482118037685
2021-02-16,365.2054138183594,-0.0008659625697448048
2021-02-17,365.2890930175781,0.00022912913131234447
2021-02-18,363.7344970703125,-0.0042557962364094815
2021-02-19,363.0921630859375,-0.0017659418876918576
2021-02-22,360.29931640625,-0.007691839603341966
2021-02-23,360.7369384765625,0.001214606995865175
2021-02-24,364.71197509765625,0.011019211500437942
2021-02-25,355.9239807128906,-0.024095711094796135
2021-02-26,354.0899658203125,-0.00515282754734514
2021-03-01,362.6732482910156,0.024240400178577204
2021-03-02,359.84320068359375,-0.007803298480815957
2021-03-03,355.0768737792969,-0.01324556611113481
2021-03-04,350.6828308105469,-0.01237490609281744
2021-03-05,357.13409423828125,0.018396291066840487
2021-03-08,355.3561096191406,-0.004978479086217846
2021-03-09,360.4296875,0.014277446605032607
2021-03-10,362.6732482910156,0.006224683672916509
2021-03-11,366.3504333496094,0.010139113033347025
2021-03-12,366.84381103515625,0.0013467370054289773
2021-03-15,369.03155517578125,0.005963693743262777
2021-03-16,368.5660400390625,-0.0012614507626509397
2021-03-17,369.8228454589844,0.0034099870400123855
2021-03-18,364.4420166015625,-0.014549747057253204
2021-03-19,363.7677001953125,-0.0018502707578507138
2021-03-22,366.67236328125,0.007984939521507695
2021-03-23,363.7863464355469,-0.00787083275073408
2021-03-24,361.9370422363281,-0.005083489848749401
2021-03-25,363.9731750488281,0.005625654671649993
2021-03-26,369.8385925292969,0.016114971878578466
2021-03-29,369.6517028808594,-0.0005053276002360274
2021-03-30,368.67108154296875,-0.002652825160139094
2021-03-31,370.16552734375,0.004053601911293558
2021-04-01,374.1629333496094,0.010798968868182213
2021-04-05,379.5332946777344,0.014353001993137271
2021-04-06,379.30914306640625,-0.0005905980172792313
2021-04-07,379.7481384277344,0.0011573550739620853
2021-04-08,381.55078125,0.004746943144287918
2021-04-09,384.32464599609375,0.00726997527565354
2021-04-12,384.4647216796875,0.0003644722893862973
2021-04-13,385.6041564941406,0.002963691465565521
2021-04-14,384.287353515625,-0.003414908673412209
2021-04-15,388.4154357910156,0.01074217571206848
2021-04-16,389.7137451171875,0.003342579121573319
2021-04-19,387.7990417480469,-0.004913101970690947
2021-04-20,384.959716796875,-0.0073216399359145035
2021-04-21,388.6022644042969,0.009462152657764733
2021-04-22,385.05316162109375,-0.009132995631519703
2021-04-23,389.22802734375,0.010842309942554085
2021-04-26,390.0406188964844,0.002087700513963009
2021-04-27,389.95654296875,-0.00021555685141783076
2021-04-28,389.844482421875,-0.00028736675636187314
2021-04-29,392.328857421875,0.006372733518160922
2021-04-30,389.7510986328125,-0.006570403222444066
2021-05-03,390.5917053222656,0.0021567782423239645
2021-05-04,388.1819763183594,-0.006169432097688943
2021-05-05,388.3033752441406,0.0003127371521280953
2021-05-06,391.4042053222656,0.00798558620865819
2021-05-07,394.25286865234375,0.007278060100894157
2021-05-10,390.3488464355469,-0.009902330527465364
2021-05-11,386.86505126953125,-0.00892482505796477
2021-05-12,378.64599609375,-0.02124527699984713
2021-05-13,383.1944885253906,0.01201251955273408
2021-05-14,389.07861328125,0.0153554524714139
2021-05-17,388.08856201171875,-0.0025446047038714115
2021-05-18,384.7449035644531,-0.008615709852239029
2021-05-19,383.736328125,-0.00262141338354116
2021-05-20,387.86444091796875,0.010757680444641204
2021-05-21,387.546875,-0.0008187549165815655
2021-05-24,391.49774169921875,0.010194551818328401
2021-05-25,390.6289978027344,-0.0022190265841988133
2021-05-26,391.4042053222656,0.0019845109397709226
2021-05-27,391.6096496582031,0.000524890466540473
2021-05-28,392.3102722167969,0.0017890840003693675
2021-06-01,391.9646301269531,-0.0008810426703604879
2021-06-02,392.58099365234375,0.0015724978174458393
2021-06-03,391.1240234375,-0.003711260194460664
2021-06-04,394.701171875,0.00914581621977928
2021-06-07,394.31829833984375,-0.0009700339457758833
2021-06-08,394.4023132324219,0.0002130636415602627
2021-06-09,393.8138732910156,-0.001491978930304838
2021-06-10,395.6445007324219,0.004648458486513185
2021-06-11,396.2983703613281,0.0016526695750751497
2021-06-14,397.1856384277344,0.0022388890108160364
2021-06-15,396.4570617675781,-0.001834347946316317
2021-06-16,394.24359130859375,-0.005583127840164459
2021-06-17,394.11279296875,-0.0003317703641284586
2021-06-18,388.79595947265625,-0.013490639205196553
2021-06-21,394.3620300292969,0.01431617387225459
2021-06-22,396.4703369140625,0.005346120377281327
2021-06-23,395.992431640625,-0.0012053998217301798
2021-06-24,398.3350524902344,0.005915822279490834
2021-06-25,399.7500305175781,0.0035522307627657845
2021-06-28,400.55584716796875,0.002015801348025592
2021-06-29,400.7713928222656,0.000538116359605878
2021-06-30,401.1087646484375,0.0008418061573609581
2021-07-01,403.3294982910156,0.0055364874525356544
2021-07-02,406.4123229980469,0.00764343971887449
2021-07-06,405.6720886230469,-0.0018213876231394366
2021-07-07,407.1057434082031,0.0035340237235015337
2021-07-08,403.7886047363281,-0.00814810089414264
2021-07-09,408.0989685058594,0.010674802901745828
2021-07-12,409.560791015625,0.003582029415849064
2021-07-13,408.16461181640625,-0.0034089669466564887
2021-07-14,408.7737731933594,0.0014924404500484822
2021-07-15,407.37744140625,-0.0034159035600576093
2021-07-16,404.18218994140625,-0.007843466868989735
2021-07-19,398.21331787109375,-0.01476777606449653
2021-07-20,403.9198303222656,0.014330290311935556
2021-07-21,407.19012451171875,0.008096394244481386
2021-07-22,408.0428161621094,0.0020940872557091428
2021-07-23,412.2407531738281,0.010287981666244894
2021-07-26,413.25274658203125,0.0024548601767580003
2021-07-27,411.3693542480469,-0.004557482919500755
2021-07-28,411.20062255859375,-0.0004101707813445321
2021-07-29,412.9060363769531,0.004147400866632678
2021-07-30,410.9007568359375,-0.004856503330905371
2021-08-02,410.0386962890625,-0.0020979775104653653
2021-08-03,413.3745422363281,0.008135441794776321
2021-08-04,411.3411865234375,-0.004918918571739539
2021-08-05,413.94622802734375,0.006333043199304944
2021-08-06,414.6301574707031,0.001652218083055379
2021-08-09,414.2928466796875,-0.0008135220869442961
2021-08-10,414.8083190917969,0.0012442223326822877
2021-08-11,415.8389587402344,0.0024846166313492457
2021-08-12,417.085205078125,0.0029969446385351706
2021-08-13,417.8442687988281,0.0018199248294146209
2021-08-16,418.828125,0.0023546002054788406
2021-08-17,416.0826110839844,-0.0065552281523969524
2021-08-18,411.5285949707031,-0.010944980616750755
2021-08-19,412.165771484375,0.001548316499652369
2021-08-20,415.4454345703125,0.007957145674969857
2021-08-23,419.0998840332031,0.00879646075945062
2021-08-24,419.76513671875,0.0015873368399552668
2021-08-25,420.64599609375,0.0020984576801341692
2021-08-26,418.1628112792969,-0.00590326506733152
2021-08-27,421.901611328125,0.008941015193077329
2021-08-30,423.7569885253906,0.004397653735962237
2021-08-31,423.1291198730469,-0.00148167149886691
2021-09-01,423.35400390625,0.0005314785077203954
2021-09-02,424.656494140625,0.0030765983606084735
2021-09-03,424.55340576171875,-0.00024275709974685977
2021-09-07,423.0354309082031,-0.00357546266951303
2021-09-08,422.52008056640625,-0.001218220281668847
2021-09-09,420.71160888671875,-0.004280202913109266
2021-09-10,417.3945007324219,-0.00788451776520871
2021-09-13,418.462646484375,0.0025590795999439475
2021-09-14,416.2044372558594,-0.005396441588006673
2021-09-15,419.680908203125,0.00835279645307696
2021-09-16,419.0155029296875,-0.0015855028437830043
2021-09-17,414.9339294433594,-0.009740865093989193
2021-09-20,408.01519775390625,-0.016674297276037975
2021-09-21,407.6297302246094,-0.0009447381651930264
2021-09-22,411.60614013671875,0.0097549555816705
2021-09-23,416.607177734375,0.012150055866501752
2021-09-24,417.29339599609375,0.0016471589986772894
2021-09-27,416.0994873046875,-0.0028610773687332003
2021-09-28,407.71441650390625,-0.020151600895007338
2021-09-29,408.4006042480469,0.0016830107456700105
2021-09-30,403.40899658203125,-0.012222331735297631
2021-10-01,408.2032775878906,0.011884417666635949
2021-10-04,402.93896484375,-0.012896301997494808
2021-10-05,407.13153076171875,0.0104049652274123
2021-10-06,408.8235778808594,0.00415602082200528
2021-10-07,412.3581848144531,0.008645800107507151
2021-10-08,411.60614013671875,-0.0018237656130744018
2021-10-11,408.6262512207031,-0.007239660990056684
2021-10-12,407.6203918457031,-0.0024615632793908437
2021-10-13,409.0867614746094,0.003597390263687661
2021-10-14,415.9679260253906,0.016820794997073785
2021-10-15,419.1358947753906,0.007615896687685142
2021-10-18,420.37664794921875,0.0029602646523343434
2021-10-19,423.6198425292969,0.007714973217232357
2021-10-20,425.28375244140625,0.003927837520959043
2021-10-21,426.39300537109375,0.002608265477624494
2021-10-22,425.951171875,-0.0010362118761990669
2021-10-25,428.2354431152344,0.0053627537404796755
2021-10-26,428.6208190917969,0.0008999161156746371
2021-10-27,426.7220153808594,-0.004430031455216921
2021-10-28,430.83935546875,0.009648764159064571
2021-10-29,431.713623046875,0.0020292193993600716
2021-11-01,432.4562683105469,0.0017202266132594346
2021-11-02,434.2048034667969,0.004043264682185965
2021-11-03,436.8556213378906,0.006104994348125503
2021-11-04,438.9143371582031,0.004712577153082265
2021-11-05,440.4372253417969,0.0034696706274255362
2021-11-08,440.813232421875,0.0008537132159669447
2021-11-09,439.3561096191406,-0.0033055332634385204
2021-11-10,435.8216552734375,-0.008044623184521038
2021-11-11,435.96258544921875,0.0003233666204420782
2021-11-12,439.252685546875,0.007546748751996901
2021-11-15,439.4031982421875,0.00034265628934093684
2021-11-16,441.1422119140625,0.003957671857719447
2021-11-17,440.070556640625,-0.002429273926853881
2021-11-18,441.56524658203125,0.0033964779484823016
2021-11-19,440.775634765625,-0.0017882109665973145
2021-11-22,439.5347595214844,-0.0028152083424494156
2021-11-23,440.1175537109375,0.0013259342448537215
2021-11-24,441.29266357421875,0.0026699908998699673
2021-11-26,431.450439453125,-0.022303167338829866
2021-11-29,436.7428283691406,0.012266504868378103
2021-11-30,428.2448425292969,-0.019457642548079024
2021-12-01,423.48828125,-0.011107106979277748
2021-12-02,429.9745178222656,0.01531621265438643
2021-12-03,426.23321533203125,-0.008701219107549285
2021-12-06,431.28118896484375,0.01184321974738678
2021-12-07,440.20220947265625,0.02068492838564251
2021-12-08,441.3678283691406,0.002647916960436758
2021-12-09,438.38787841796875,-0.006751624743885021
2021-12-10,442.5146179199219,0.009413443448403447
2021-12-13,438.59478759765625,-0.008858080984287309
2021-12-14,435.57720947265625,-0.006880104849235402
2021-12-15,442.3830261230469,0.015624822654588089
2021-12-16,438.4819030761719,-0.008818428412734614
2021-12-17,433.81524658203125,-0.010642757343921505
2021-12-20,429.20220947265625,-0.010633644496638728
2021-12-21,436.824462890625,0.017759119710343274
2021-12-22,441.19219970703125,0.009998837490701407
2021-12-23,443.9372863769531,0.006221974621819504
2021-12-27,450.2200012207031,0.014152257619593822
2021-12-28,449.8520202636719,-0.0008173358714262946
2021-12-29,450.427490234375,0.0012792428282657475
2021-12-30,449.182373046875,-0.0027643010573180637
2021-12-31,448.0502014160156,-0.0025205166070513263
2022-01-03,450.6443786621094,0.005789925409909635
2022-01-04,450.49346923828125,-0.0003348747504099414
2022-01-05,441.8430480957031,-0.019202101103051983
2022-01-06,441.4280700683594,-0.0009391978195250061
2022-01-07,439.6828308105469,-0.003953620932040436
2022-01-10,439.1357116699219,-0.0012443495681111472
2022-01-11,443.13543701171875,0.009108175981832334
2022-01-12,444.33343505859375,0.0027034580103855177
2022-01-13,438.211181640625,-0.013778511664694792
2022-01-14,438.390380859375,0.00040893346919879114
2022-01-18,430.626708984375,-0.017709494126629588
2022-01-19,426.1552429199219,-0.010383624543398584
2022-01-20,421.4385070800781,-0.011068116415805962
2022-01-21,413.1654052734375,-0.019630626218663627
2022-01-24,414.9200439453125,0.004246818948246078
2022-01-25,409.8543395996094,-0.01220886871970639
2022-01-26,408.82598876953125,-0.002509064149675
2022-01-27,406.8072509765625,-0.004937890076520457
2022-01-28,416.9104919433594,0.024835449571126045
2022-01-31,424.41943359375,0.018010920318625168
2022-02-01,427.28729248046875,0.006757133768440671
2022-02-02,431.43798828125,0.009714063286754504
2022-02-03,421.2970275878906,-0.023505024983448086
2022-02-04,423.2781066894531,0.004702333441337192
2022-02-07,421.9196472167969,-0.0032093780689037565
2022-02-08,425.3912048339844,0.008228006541263655
2022-02-09,431.6172180175781,0.0146359706379533
2022-02-10,423.8629455566406,-0.017965623560044608
2022-02-11,415.50494384765625,-0.01971864206720919
2022-02-14,414.14654541015625,-0.003269271419302444
2022-02-15,420.82537841796875,0.016126738425882525
2022-02-16,421.2970275878906,0.0011207716884731322
2022-02-17,412.2975769042969,-0.021361296411511743
2022-02-18,409.6278991699219,-0.006475123512536873
2022-02-22,405.2318420410156,-0.010731830370476536
2022-02-23,398.0436706542969,-0.017738416977585825
2022-02-24,404.0338439941406,0.015049035524160592
2022-02-25,412.94842529296875,0.022063946947368684
2022-02-28,411.8918762207031,-0.0025585497063369544
2022-03-01,405.61865234375,-0.015230268522197665
2022-03-02,413.08056640625,0.018396378024983617
2022-03-03,411.0240173339844,-0.00497856650618389
2022-03-04,407.68463134765625,-0.008124551961679272
2022-03-07,395.6664123535156,-0.029479205420162136
2022-03-08,392.6665954589844,-0.007581681944362262
2022-03-09,403.1942443847656,0.026810655776500658
2022-03-10,401.3736267089844,-0.004515485280697229
2022-03-11,396.2701416015625,-0.012715048443185717
2022-03-14,393.37408447265625,-0.007308290039722776
2022-03-15,402.0245361328125,0.021990395406328744
2022-03-16,410.93914794921875,0.022174297872857185
2022-03-17,416.08038330078125,0.012510940797973769
2022-03-18,420.63751220703125,0.010952520448328062
2022-03-21,420.5145568847656,-0.0002923070784165427
2022-03-22,425.43524169921875,0.011701580204277029
2022-03-23,419.95635986328125,-0.012878298032044655
2022-03-24,426.286865234375,0.015074198121811211
2022-03-25,428.36865234375,0.004883535663784633
2022-03-28,431.4156799316406,0.007113096561149668
2022-03-29,436.7525939941406,0.012370700256758571
2022-03-30,434.0556945800781,-0.0061748904325882314
2022-03-31,427.37506103515625,-0.015391189721367327
2022-04-01,428.5863037109375,0.002834144493240931
2022-04-04,432.2578430175781,0.00856662771266925
2022-04-05,426.7978210449219,-0.012631400588454356
2022-04-06,422.5301513671875,-0.009999277098664439
2022-04-07,424.6592712402344,0.005038977375123821
2022-04-08,423.5237121582031,-0.00267404754572953
2022-04-11,416.2847900390625,-0.01709212946366645
2022-04-12,414.7422790527344,-0.0037054224012925685
2022-04-13,419.49267578125,0.011453852111160456
2022-04-14,414.2691955566406,-0.012451898510221548
2022-04-18,414.4395446777344,0.0004112039295243175
2022-04-19,421.1296691894531,0.01614258242880995
2022-04-20,420.81732177734375,-0.0007416894010592312
2022-04-21,414.5246887207031,-0.014953360356135925
2022-04-22,403.15045166015625,-0.027439227071491934
2022-04-25,405.4877624511719,0.005797614219184677
2022-04-26,393.7445373535156,-0.02896073860939352
2022-04-27,394.8515930175781,0.0028116089470178185
2022-04-28,404.8254089355469,0.02525965728476809
2022-04-29,389.86474609375,-0.03695583950902348
2022-05-02,392.2115478515625,0.006019528006382391
2022-05-03,394.00946044921875,0.004584037893592852
2022-05-04,406.0081481933594,0.03045279098238063
2022-05-05,391.5775146484375,-0.03554271905412443
2022-05-06,389.2402648925781,-0.005968804817502837
2022-05-09,376.77783203125,-0.03201732704803162
2022-05-10,377.6484069824219,0.0023105790127793124
2022-05-11,371.64898681640625,-0.015886258369136708
2022-05-12,371.2610168457031,-0.0010439150501297956
2022-05-13,380.1370544433594,0.023907809317198492
2022-05-16,378.5946350097656,-0.004057535079952546
2022-05-17,386.3824768066406,0.020570396610808173
2022-05-18,370.8068542480469,-0.04031141030856933
2022-05-19,368.5357360839844,-0.006124800925452312
2022-05-20,368.6966552734375,0.0004366447367167847
2022-05-23,375.594970703125,0.018710002738081544
2022-05-24,372.727783203125,-0.007633721757862033
2022-05-25,376.0208435058594,0.008835027736421086
2022-05-26,383.5342102050781,0.019981250584854005
2022-05-27,392.94964599609375,0.024549142007387337
2022-05-31,390.7447814941406,-0.005611061173917076
2022-06-01,387.5841979980469,-0.008088613452515547
2022-06-02,394.9652099609375,0.01904363490827299
2022-06-03,388.4832458496094,-0.016411481183290055
2022-06-06,389.66607666015625,0.003044740856095407
2022-06-07,393.4038391113281,0.009592219274534797
2022-06-08,389.1266174316406,-0.010872343516904803
2022-06-09,379.87213134765625,-0.02378271151191591
2022-06-10,368.8575134277344,-0.028995593545769638
2022-06-13,354.8526306152344,-0.03796827312084505
2022-06-14,353.7833557128906,-0.003013292871719364
2022-06-15,358.82708740234375,0.01425655449304486
2022-06-16,346.95123291015625,-0.03309631549323755
2022-06-17,347.69915771484375,0.0021557058564514175
2022-06-21,356.45208740234375,0.02517385933582994
2022-06-22,355.8058166503906,-0.0018130648544180117
2022-06-23,359.2936096191406,0.009802518130773041
2022-06-24,370.7169189453125,0.03179380044716318
2022-06-27,369.30084228515625,-0.003819832836831294
2022-06-28,361.75506591796875,-0.020432599938022933
2022-06-29,361.4604187011719,-0.0008144936852485518
2022-06-30,358.5238037109375,-0.008124305839036117
2022-07-01,362.3157653808594,0.01057659667411981
2022-07-05,363.0000305175781,0.0018885878068248818
2022-07-06,364.22601318359375,0.003377362432360087
2022-07-07,369.6810607910156,0.014977095017845832
2022-07-08,369.3769836425781,-0.0008225391579077534
2022-07-11,365.1573791503906,-0.011423571795341037
2022-07-12,361.9261779785156,-0.00884879056639365
2022-07-13,360.0253601074219,-0.005251949117663912
2022-07-14,359.1510925292969,-0.002428349985856948
2022-07-15,366.0126647949219,0.019104973946488135
2022-07-18,362.99053955078125,-0.008256887082948139
2022-07-19,372.79815673828125,0.0270189333298807
2022-07-20,375.17413330078125,0.006373359201365503
2022-07-21,378.99462890625,0.010183259628951502
2022-07-22,375.4782409667969,-0.009278199930170872
2022-07-25,375.9344177246094,0.0012149219529682398
2022-07-26,371.48663330078125,-0.011831277515766958
2022-07-27,381.1329040527344,0.025966669826698263
2022-07-28,385.91326904296875,0.012542514538637084
2022-07-29,391.53936767578125,0.014578660761690676
2022-08-01,390.3798828125,-0.0029613493788991363
2022-08-02,387.804443359375,-0.006597264783651746
2022-08-03,393.8773193359375,0.015659634850895277
2022-08-04,393.6112365722656,-0.0006755473103160492
2022-08-05,392.9459228515625,-0.0016902813204647815
2022-08-08,392.48968505859375,-0.0011610701789648292
2022-08-09,390.9311828613281,-0.00397081058839277
2022-08-10,399.1422424316406,0.021003849092348092
2022-08-11,399.1422424316406,0.0
2022-08-12,405.8993225097656,0.016929002645672764
2022-08-15,407.5719299316406,0.0041207445519566566
2022-08-16,408.37030029296875,0.0019588453048324794
2022-08-17,405.4715881347656,-0.007098244304552859
2022-08-18,406.650146484375,0.0029066360852332274
2022-08-19,401.1855773925781,-0.013438010877507067
2022-08-22,392.83184814453125,-0.02082260609252251
2022-08-23,391.88153076171875,-0.0024191454621135255
2022-08-24,393.135986328125,0.0032011091820731696
2022-08-25,398.6861267089844,0.014117609615689197
2022-08-26,385.19097900390625,-0.033849052678295743
2022-08-29,382.64404296875,-0.006612138326142936
2022-08-30,378.4433898925781,-0.010977965431216541
2022-08-31,375.5637512207031,-0.00760916625520236
2022-09-01,376.7422790527344,0.003138023380053756
2022-09-02,372.7697448730469,-0.01054443422085749
2022-09-06,371.36322021484375,-0.0037731727897662992
2022-09-07,378.03472900390625,0.017964915279447657
2022-09-08,380.50567626953125,0.00653629700143088
2022-09-09,386.4169616699219,0.015535340913556794
2022-09-12,390.5699768066406,0.010747497001092565
2022-09-13,373.5870666503906,-0.04348237490015194
2022-09-14,375.0125732421875,0.0038157278959845
2022-09-15,370.7549133300781,-0.011353379102198025
2022-09-16,367.9264831542969,-0.0076288407087491406
2022-09-19,370.77978515625,0.00775508731388741
2022-09-20,366.5237731933594,-0.01147854368893686
2022-09-21,360.13018798828125,-0.01744384859233994
2022-09-22,357.10516357421875,-0.00839980794434525
2022-09-23,351.1219177246094,-0.01675485671986332
2022-09-26,347.64837646484375,-0.00989269277826732
2022-09-27,346.76092529296875,-0.002552726352124224
2022-09-28,353.5838928222656,0.019676287123563174
2022-09-29,346.1979064941406,-0.02088892191658087
2022-09-30,340.844482421875,-0.015463479044337425
2022-10-03,349.8431396484375,0.026401064680943165
2022-10-04,360.68365478515625,0.03098678781471187
2022-10-05,359.8438720703125,-0.0023283082105397535
2022-10-06,356.1318054199219,-0.010315770083936027
2022-10-07,346.1979064941406,-0.027893883035995604
2022-10-10,343.5545959472656,-0.007635258611593421
2022-10-11,341.37884521484375,-0.006333056690517536
2022-10-12,340.2528381347656,-0.003298409072095443
2022-10-13,349.23248291015625,0.02639109441266152
2022-10-14,341.2738952636719,-0.022788795532893813
2022-10-17,350.04364013671875,0.025697086694167703
2022-10-18,354.156494140625,0.011749546434552727
2022-10-19,351.646728515625,-0.007086600603188331
2022-10-20,348.6981506347656,-0.008385057052303413
2022-10-21,357.1720275878906,0.024301468010940797
2022-10-24,361.5425109863281,0.012236354083921208
2022-10-25,367.3157653808594,0.015968397129237033
2022-10-26,364.54840087890625,-0.0075340204880226525
2022-10-27,362.60174560546875,-0.00533990896337555
2022-10-28,371.228271484375,0.02379063527259584
2022-10-31,368.54681396484375,-0.0072232039569866124
2022-11-01,366.9341125488281,-0.0043758387127705856
2022-11-02,357.7254333496094,-0.025096274465332913
2022-11-03,354.0419921875,-0.010296838912511763
2022-11-04,359.1378173828125,0.014393279067907105
2022-11-07,362.5730895996094,0.009565331331106153
2022-11-08,364.5293273925781,0.005395430187963068
2022-11-09,357.019287109375,-0.0206020194230222
2022-11-10,376.6390075683594,0.054954231234498385
2022-11-11,380.2843017578125,0.00967848288733486
2022-11-14,377.04925537109375,-0.008506915409774218
2022-11-15,380.2651672363281,0.00852915585808356
2022-11-16,377.36419677734375,-0.007628809338672493
2022-11-17,376.20953369140625,-0.0030598109089262637
2022-11-18,377.9176940917969,0.00454044952989352
2022-11-21,376.54345703125,-0.0036363395576103352
2022-11-22,381.61065673828125,0.013457144487337924
2022-11-23,384.01544189453125,0.006301671910329487
2022-11-25,383.9295654296875,-0.00022362763439953692
2022-11-28,377.8031311035156,-0.015957182977860196
2022-11-29,377.1542663574219,-0.001717467889158275
2022-11-30,389.034912109375,0.0315007592694021
2022-12-01,388.7486267089844,-0.0007358861415248663
2022-12-02,388.3000793457031,-0.0011538236599791807
2022-12-05,381.3148193359375,-0.01798933448979967
2022-12-06,375.8182678222656,-0.014414733534993895
2022-12-07,375.178955078125,-0.0017011220552028972
2022-12-08,378.1180725097656,0.007833908037375492
2022-12-09,375.2934265136719,-0.007470275031672302
2022-12-12,380.70416259765625,0.014417348404548447
2022-12-13,383.5860290527344,0.007569831743930333
2022-12-14,381.1335144042969,-0.006393649566679982
2022-12-15,371.8103942871094,-0.024461559440028036
2022-12-16,367.42071533203125,-0.011806229794878886
2022-12-19,364.30511474609375,-0.008479654129250669
2022-12-20,364.8036193847656,0.0013683712319529917
2022-12-21,370.25830078125,0.014952377407010387
2022-12-22,364.9762268066406,-0.014265916425004188
2022-12-23,367.07562255859375,0.005752143832275847
2022-12-27,365.6280517578125,-0.003943522020589008
2022-12-28,361.0841064453125,-0.012427780884574635
2022-12-29,367.5837097167969,0.018000247464419417
2022-12-30,366.6154479980469,-0.002634125760077821
2023-01-03,365.07208251953125,-0.0042097666286115
2023-01-04,367.8905029296875,0.0077201751246083195
2023-01-05,363.6916198730469,-0.011413404323305176
2023-01-06,372.0318603515625,0.02293217666501901
2023-01-09,371.8208923339844,-0.0005670697595059337
2023-01-10,374.4284973144531,0.007013067404847417
2023-01-11,379.16412353515625,0.012647611639255318
2023-01-12,380.54461669921875,0.003640885512034675
2023-01-13,382.0209655761719,0.0038795684189643076
2023-01-17,381.3211364746094,-0.0018319128127091133
2023-01-18,375.30078125,-0.01578814980011012
2023-01-19,372.56866455078125,-0.007279805520572058
2023-01-20,379.5092468261719,0.01862900167344761
2023-01-23,384.06280517578125,0.011998543876573953
2023-01-24,383.6506652832031,-0.0010731054583363875
2023-01-25,383.79443359375,0.00037473755047634505
2023-01-26,388.01251220703125,0.010990463237791737
2023-01-27,388.904052734375,0.0022977107678117115
2023-01-30,384.0244445800781,-0.012547074580448458
2023-01-31,389.67095947265625,0.014703529872303944
2023-02-01,393.8123474121094,0.010627910134893614
2023-02-02,399.5450134277344,0.014556846816247804
2023-02-03,395.2982177734375,-0.010629079356699322
2023-02-06,392.8824462890625,-0.006111263283659851
2023-02-07,398.0207214355469,0.01307840346398148
2023-02-08,393.6684265136719,-0.010934845065798338
2023-02-09,390.2557067871094,-0.008669020669972327
2023-02-10,391.16644287109375,0.0023336906242377164
2023-02-13,395.7583312988281,0.011738963071654895
2023-02-14,395.5762023925781,-0.00046020233017529666
2023-02-15,396.8608093261719,0.003247432291993313
2023-02-16,391.39642333984375,-0.013769023944707692
2023-02-17,390.418701171875,-0.002498035520165698
2023-02-21,382.5865783691406,-0.020060829000315805
2023-02-22,382.0592956542969,-0.0013782049466852797
2023-02-23,384.09161376953125,0.005319378793686713
2023-02-24,379.9886169433594,-0.010682339002157537
2023-02-27,381.28277587890625,0.0034057834309804136
2023-02-28,379.87359619140625,-0.003695891282399666
2023-03-01,378.41644287109375,-0.0038358899774079136
2023-03-02,381.3594665527344,0.007777208779067735
2023-03-03,387.4756164550781,0.01603775555286502
2023-03-06,387.7439880371094,0.0006926154076132285
2023-03-07,381.8004150390625,-0.015328601297302513
2023-03-08,382.42364501953125,0.0016323449528072853
2023-03-09,375.3679504394531,-0.01844994333370198
2023-03-10,369.9515686035156,-0.014429526627396938
2023-03-13,369.42425537109375,-0.0014253574715532569
2023-03-14,375.5308837890625,0.016530123101512473
2023-03-15,373.1822509765625,-0.006254166871183964
2023-03-16,379.729736328125,0.017545007390969758
2023-03-17,375.2897644042969,-0.011692452549967092
2023-03-20,378.89837646484375,0.009615535521665164
2023-03-21,383.8735046386719,0.013130508027631382
2023-03-22,377.3298034667969,-0.01704650384254669
2023-03-23,378.349853515625,0.002703338139357747
2023-03-24,380.83258056640625,0.006561987609382536
2023-03-27,381.5446472167969,0.001869762952874332
2023-03-28,380.6882629394531,-0.002244519176433757
2023-03-29,386.2215270996094,0.01453489560574206
2023-03-30,388.48291015625,0.005855145034568299
2023-03-31,393.95843505859375,0.01409463520580978
2023-04-03,395.4596252441406,0.003810529365423143
2023-04-04,393.2655944824219,-0.005548052498062894
2023-04-05,392.2359313964844,-0.0026182384128787817
2023-04-06,393.76593017578125,0.0039007104062331877
2023-04-10,394.1701354980469,0.0010265116692171894
2023-04-11,394.2760009765625,0.0002685781315772129
2023-04-12,392.6689758300781,-0.004075888825350815
2023-04-13,397.8846435546875,0.013282607095668197
2023-04-14,396.9126892089844,-0.002442804369175211
2023-04-17,398.3369140625,0.0035882572974776927
2023-04-18,398.5967712402344,0.0006523552514483555
2023-04-19,398.52935791015625,-0.0001691266335860364
2023-04-20,396.3546142578125,-0.005456922079085658
2023-04-21,396.6625061035156,0.0007768090357158641
2023-04-24,397.0762939453125,0.0010431735680329624
2023-04-25,390.7732238769531,-0.015873700254761314
2023-04-26,389.1180725097656,-0.004235580295820607
2023-04-27,396.8646545410156,0.019908049968703434
2023-04-28,400.25189208984375,0.008534994260815498
2023-05-01,399.8476867675781,-0.0010098773553702811
2023-05-02,395.353759765625,-0.011239097162928813
2023-05-03,392.64007568359375,-0.0068639389787009675
2023-05-04,389.8590087890625,-0.007082992966750412
2023-05-05,397.0762939453125,0.018512551957353907
2023-05-08,397.18212890625,0.0002665355815778536
2023-05-09,395.4403991699219,-0.004385216779829615
2023-05-10,397.2879943847656,0.004672246990246931
2023-05-11,396.5951843261719,-0.0017438484635474705
2023-05-12,396.075439453125,-0.001310517357718144
2023-05-15,397.4419860839844,0.003450218051253673
2023-05-16,394.7860107421875,-0.006682674289061219
2023-05-17,399.57830810546875,0.012138974616329179
2023-05-18,403.4275207519531,0.00963318720862194
2023-05-19,402.8405456542969,-0.0014549703911180822
2023-05-22,403.00408935546875,0.00040597626762273187
2023-05-23,398.48126220703125,-0.011222782269209586
2023-05-24,395.5943908691406,-0.007244685288089525
2023-05-25,399.0201416015625,0.008659755576653438
2023-05-26,404.18780517578125,0.012950884016724284
2023-05-30,404.3417053222656,0.00038076395307728994
2023-05-31,402.09954833984375,-0.005545203358715778
2023-06-01,405.919921875,0.00950106398012518
2023-06-02,411.7900390625,0.014461269011841305
2023-06-05,411.00091552734375,-0.0019163249721940723
2023-06-06,411.89581298828125,0.0021773612348023885
2023-06-07,410.4715881347656,-0.0034577308353366254
2023-06-08,412.9543151855469,0.006048474784973834
2023-06-09,413.6953430175781,0.001794454749064256
2023-06-12,417.4482727050781,0.009071723312438884
2023-06-13,420.2005615234375,0.0065931254201256895
2023-06-14,420.700927734375,0.0011907794914014502
2023-06-15,425.9165954589844,0.012397566491468393
2023-06-16,424.4658508300781,-0.003406170701902078
2023-06-20,422.2636413574219,-0.00518818997653081
2023-06-21,420.1001281738281,-0.0051236075562623995
2023-06-22,421.6165466308594,0.0036096595914481
2023-06-23,418.4291076660156,-0.007560042389973987
2023-06-26,416.719482421875,-0.004085818153705567
2023-06-27,421.2880859375,0.010963258758801775
2023-06-28,421.50067138671875,0.0005046082628843429
2023-06-29,423.161865234375,0.003941141640868562
2023-06-30,428.1554870605469,0.011800736872652928
2023-07-03,428.64813232421875,0.0011506223289443618
2023-07-05,428.01068115234375,-0.001487119909793111
2023-07-06,424.6589660644531,-0.007830914590417959
2023-07-07,423.5869140625,-0.0025245010411257818
2023-07-10,424.6589660644531,0.002530890276263298
2023-07-11,427.363525390625,0.006368779520273593
2023-07-12,430.8019714355469,0.008045717148600806
2023-07-13,434.2212829589844,0.007937084206099287
2023-07-14,433.9507751464844,-0.0006229722565799234
2023-07-17,435.4575500488281,0.0034722253966135153
2023-07-18,438.6932373046875,0.0074305457684602505
2023-07-19,439.6688537597656,0.0022239149640697065
2023-07-20,436.7518615722656,-0.006634520873051941
2023-07-21,436.7518615722656,0.0
2023-07-24,438.7029113769531,0.004467181428062794
2023-07-25,439.9006042480469,0.002730077325756808
2023-07-26,439.96820068359375,0.00015366297498586867
2023-07-27,437.0513000488281,-0.006629798767805339
2023-07-28,441.3301696777344,0.009790314382838394
2023-07-31,442.17047119140625,0.001904020099703363
2023-08-01,440.9051818847656,-0.0028615418465900433
2023-08-02,434.7717590332031,-0.013910979284352143
2023-08-03,433.52581787109375,-0.002865736185073242
2023-08-04,431.5650329589844,-0.004522879217985554
2023-08-07,435.33197021484375,0.008728550666006862
2023-08-08,433.43890380859375,-0.004348558194142593
2023-08-09,430.5412902832031,-0.006685171773759824
2023-08-10,430.6958312988281,0.0003589458644566168
2023-08-11,430.44464111328125,-0.0005832194493022858
2023-08-14,432.82073974609375,0.0055201027167328665
2023-08-15,427.77886962890625,-0.011648864423976613
2023-08-16,424.6396789550781,-0.0073383490786989025
2023-08-17,421.4040222167969,-0.007619770121914504
2023-08-18,421.60687255859375,0.0004813678349100403
2023-08-21,424.3499755859375,0.0065063052950176115
2023-08-22,423.2005310058594,-0.0027087183839022977
2023-08-23,427.91412353515625,0.011137964591144689
2023-08-24,421.9835510253906,-0.013859258630612548
2023-08-25,424.95843505859375,0.007049763020322342
2023-08-28,427.6532287597656,0.006341311240946057
2023-08-29,433.83489990234375,0.014454868400048282
2023-08-30,435.621826171875,0.004118908529335608
2023-08-31,434.98431396484375,-0.0014634533182911191
2023-09-01,435.79559326171875,0.0018650771322770154
2023-09-05,433.9122009277344,-0.004321733315126197
2023-09-06,430.9952087402344,-0.006722540138911159
2023-09-07,429.6719665527344,-0.0030702016186391345
2023-09-08,430.319091796875,0.0015060913778772722
2023-09-11,433.149169921875,0.006576696639655211
2023-09-12,430.7730407714844,-0.005485706346428421
2023-09-13,431.27532958984375,0.0011660173010359376
2023-09-14,434.9939880371094,0.008622469666424326
2023-09-15,429.75299072265625,-0.012048436205067792
2023-09-18,430.0050048828125,0.0005864163033106884
2023-09-19,429.11334228515625,-0.0020736098127491776
2023-09-20,425.1683044433594,-0.00919346348167216
2023-09-21,418.1409606933594,-0.016528381058885322
2023-09-22,417.20074462890625,-0.0022485624534225312
2023-09-25,418.9551696777344,0.004205229907699781
2023-09-26,412.8002014160156,-0.014691233590584996
2023-09-27,412.9649658203125,0.000399138381550479
2023-09-28,415.3591003417969,0.005797427674593791
2023-09-29,414.35101318359375,-0.0024270255722664835
2023-10-02,414.1862487792969,-0.0003976445068419876
2023-10-03,408.64190673828125,-0.013386108441205136
2023-10-04,411.61767578125,0.007282094650352677
2023-10-05,411.4625244140625,-0.00037693076929468106
2023-10-06,416.3477783203125,0.011872901215503884
2023-10-09,419.0133361816406,0.006402238705540464
2023-10-10,421.1942443847656,0.005204865847466822
2023-10-11,422.9195556640625,0.004096236599379521
2023-10-12,420.3412170410156,-0.006096522585715913
2023-10-13,418.24755859375,-0.004980854511493993
2023-10-16,422.64813232421875,0.010521457065438833
2023-10-17,422.62872314453125,-4.592278588988474e-05
2023-10-18,416.9972229003906,-0.013324934950563638
2023-10-19,413.3332824707031,-0.008786486404401606
2023-10-20,408.2542419433594,-0.012288002787928742
2023-10-23,407.546630859375,-0.0017332608244706726
2023-10-24,410.6192626953125,0.007539338086192338
2023-10-25,404.7259521484375,-0.01435225056952083
2023-10-26,399.8795471191406,-0.01197453487618061
2023-10-27,398.0669860839844,-0.004532767550164851
2023-10-30,402.82623291015625,0.011955894340777595
2023-10-31,405.3560485839844,0.006280166153906697
2023-11-01,409.6790466308594,0.010664693574886419
2023-11-02,417.53033447265625,0.01916448475059851
2023-11-03,421.339599609375,0.009123325474135635
2023-11-06,422.30889892578125,0.0023005179605830595
2023-11-07,423.5108337402344,0.002846103450603321
2023-11-08,423.8209228515625,0.0007321869634113742
2023-11-09,420.5156555175781,-0.007798735635196619
2023-11-10,427.0777587890625,0.015604896477415586
2023-11-13,426.6706848144531,-0.0009531612598220329
2023-11-14,434.9484558105469,0.01940084306399803
2023-11-15,435.86932373046875,0.002117188617685173
2023-11-16,436.40234375,0.001222889500388069
2023-11-17,436.9451599121094,0.0012438433704204943
2023-11-20,440.30853271484375,0.007697471241953746
2023-11-21,439.3489685058594,-0.0021792995994601716
2023-11-22,441.0451965332031,0.003860776168685076
2023-11-24,441.3166198730469,0.0006154093548171868
2023-11-27,440.5218505859375,-0.0018009049542209166
2023-11-28,440.9580078125,0.000990092150894073
2023-11-29,440.6477966308594,-0.0007034937026759724
2023-11-30,442.3828125,0.00393742095706906
2023-12-01,444.99993896484375,0.005915976821192048
2023-12-04,442.6639099121094,-0.005249504209300371
2023-12-05,442.57672119140625,-0.0001969636980806433
2023-12-06,440.7931823730469,-0.00402989749112459
2023-12-07,444.15667724609375,0.007630551032888455
2023-12-08,446.066162109375,0.00429912452317649
2023-12-11,447.8011474609375,0.003889524691489843
2023-12-12,449.8463439941406,0.004567198062799704
2023-12-13,456.0498352050781,0.01379024481083313
2023-12-14,457.513427734375,0.0032092820045395154
2023-12-15,456.7601318359375,-0.0016465000867140756
2023-12-18,459.32940673828125,0.005624998162638617
2023-12-19,462.1225280761719,0.006080867666898859
2023-12-20,455.7187805175781,-0.013857250338460525
2023-12-21,460.0398864746094,0.00948195716692557
2023-12-22,460.96441650390625,0.0020096736315229347
2023-12-26,462.9107971191406,0.004222409681849948
2023-12-27,463.7478332519531,0.001808201791839048
2023-12-28,463.9230041503906,0.0003777287695538867
2023-12-29,462.5799865722656,-0.0028949148158422533
